상표,주유소명,주소,시군구,유종별 가격,부가정보
HD현대오일뱅크,HD현대오일뱅크㈜직영 도곡셀프주유소,서울 강남구 남부순환로 2718,강남구,"{'고급휘발유': '1,899원', '보통휘발유': '1,739원', '경유': '1,649원'}","{'세차장 여부': 'Y', '충전소 여부': 'N', '경정비 여부': 'Y', '편의점 여부': 'N', '24시 영업 여부': 'N'}"
SK에너지,오일프러스 셀프,서울 강남구 남부순환로 2651 (도곡동),강남구,"{'고급휘발유': '1,899원', '보통휘발유': '1,739원', '경유': '1,638원'}","{'세차장 여부': 'Y', '충전소 여부': 'N', '경정비 여부': 'Y', '편의점 여부': 'N', '24시 영업 여부': 'Y'}"
HD현대오일뱅크,HD현대오일뱅크㈜직영 강남셀프주유소,서울 강남구 도곡로 208,강남구,"{'고급휘발유': '1,899원', '보통휘발유': '1,719원', '경유': '1,638원'}","{'세차장 여부': 'Y', '충전소 여부': 'N', '경정비 여부': 'N', '편의점 여부': 'N', '24시 영업 여부': 'N'}"
HD현대오일뱅크,HD현대오일뱅크㈜직영 유진주유소,서울 강남구 논현로 152 (도곡동),강남구,"{'고급휘발유': '1,914원', '보통휘발유': '1,749원', '경유': '1,664원', '실내등유': '1,640원'}","{'세차장 여부': 'Y', '충전소 여부': 'N', '경정비 여부': 'Y', '편의점 여부': 'N', '24시 영업 여부': 'N'}"
GS칼텍스,지에스칼텍스㈜ 은마주유소,서울 강남구 영동대로 235,강남구,"{'고급휘발유': '1,919원', '보통휘발유': '1,719원', '경유': '1,699원'}","{'세차장 여부': 'Y', '충전소 여부': 'N', '경정비 여부': 'Y', '편의점 여부': 'N', '24시 영업 여부': 'N'}"
SK에너지,(주)보성 세곡주유소,서울 강남구 헌릉로 731 (세곡동),강남구,"{'고급휘발유': '1,928원', '보통휘발유': '1,728원', '경유': '1,589원'}","{'세차장 여부': 'Y', '충전소 여부': 'N', '경정비 여부': 'N', '편의점 여부': 'N', '24시 영업 여부': 'N'}"
HD현대오일뱅크,HD현대오일뱅크㈜직영 산성셀프주유소,서울 강남구 헌릉로 730,강남구,"{'고급휘발유': '1,969원', '보통휘발유': '1,748원', '경유': '1,618원'}","{'세차장 여부': 'Y', '충전소 여부': 'N', '경정비 여부': 'N', '편의점 여부': 'N', '24시 영업 여부': 'N'}"
SK에너지,SK서광주유소,서울 강남구 역삼로 142,강남구,"{'고급휘발유': '1,990원', '보통휘발유': '1,795원', '경유': '1,695원'}","{'세차장 여부': 'Y', '충전소 여부': 'N', '경정비 여부': 'Y', '편의점 여부': 'N', '24시 영업 여부': 'Y'}"
SK에너지,(주)중앙에너비스 수서지점,서울 강남구 광평로 202 (수서동),강남구,"{'고급휘발유': '1,997원', '보통휘발유': '1,778원', '경유': '1,657원'}","{'세차장 여부': 'Y', '충전소 여부': 'N', '경정비 여부': 'N', '편의점 여부': 'N', '24시 영업 여부': 'N'}"
S-OIL,(주)선진도곡주유소,서울 강남구 도곡로 162 (도곡동),강남구,"{'고급휘발유': '1,998원', '보통휘발유': '1,798원', '경유': '1,698원'}","{'세차장 여부': 'Y', '충전소 여부': 'N', '경정비 여부': 'Y', '편의점 여부': 'N', '24시 영업 여부': 'N'}"
HD현대오일뱅크,삼성동주유소,서울 강남구 테헤란로 619,강남구,"{'고급휘발유': '2,025원', '보통휘발유': '1,845원', '경유': '1,725원'}","{'세차장 여부': 'Y', '충전소 여부': 'N', '경정비 여부': 'N', '편의점 여부': 'N', '24시 영업 여부': 'N'}"
S-OIL,극동유화㈜ 개나리주유소,서울 강남구 언주로 423 (역삼동),강남구,"{'고급휘발유': '2,025원', '보통휘발유': '1,805원', '경유': '1,655원'}","{'세차장 여부': 'Y', '충전소 여부': 'N', '경정비 여부': 'Y', '편의점 여부': 'N', '24시 영업 여부': 'Y'}"
SK에너지,(유)동하석유 힐탑셀프주유소,서울 강남구 논현로 640,강남구,"{'고급휘발유': '2,027원', '보통휘발유': '1,857원', '경유': '1,697원'}","{'세차장 여부': 'Y', '충전소 여부': 'N', '경정비 여부': 'N', '편의점 여부': 'N', '24시 영업 여부': 'Y'}"
SK에너지,대교셀프주유소,서울 강남구 강남대로 640 (신사동),강남구,"{'고급휘발유': '2,050원', '보통휘발유': '1,830원', '경유': '1,750원'}","{'세차장 여부': 'N', '충전소 여부': 'N', '경정비 여부': 'N', '편의점 여부': 'N', '24시 영업 여부': 'N'}"
GS칼텍스,지에스칼텍스㈜에너지플러스허브GS타워,서울 강남구 논현로 516 (역삼동),강남구,"{'고급휘발유': '2,057원', '보통휘발유': '1,857원', '경유': '1,832원'}","{'세차장 여부': 'N', '충전소 여부': 'N', '경정비 여부': 'Y', '편의점 여부': 'N', '24시 영업 여부': 'Y'}"
SK에너지,대동석유 압구정주유소,서울 강남구 언주로 842 (신사동),강남구,"{'고급휘발유': '2,077원', '보통휘발유': '1,898원', '경유': '1,767원'}","{'세차장 여부': 'Y', '충전소 여부': 'N', '경정비 여부': 'N', '편의점 여부': 'N', '24시 영업 여부': 'Y'}"
HD현대오일뱅크,한양주유소,서울 강남구 압구정로 302 (신사동),강남구,"{'고급휘발유': '2,195원', '보통휘발유': '1,995원', '경유': '1,795원'}","{'세차장 여부': 'Y', '충전소 여부': 'N', '경정비 여부': 'N', '편의점 여부': 'N', '24시 영업 여부': 'N'}"
GS칼텍스,지에스칼텍스㈜ 삼성로주유소,서울 강남구 삼성로 563 (삼성동),강남구,"{'고급휘발유': '2,259원', '보통휘발유': '2,059원', '경유': '1,985원'}","{'세차장 여부': 'Y', '충전소 여부': 'N', '경정비 여부': 'N', '편의점 여부': 'N', '24시 영업 여부': 'Y'}"
GS칼텍스,세진에너지(주) 개포주유소,서울 강남구 양재대로 339,강남구,"{'고급휘발유': '2,295원', '보통휘발유': '1,898원', '경유': '1,798원', '실내등유': '1,700원'}","{'세차장 여부': 'Y', '충전소 여부': 'N', '경정비 여부': 'N', '편의점 여부': 'N', '24시 영업 여부': 'N'}"
S-OIL,명품주유소,서울 강남구 도곡로 249 (역삼동),강남구,"{'고급휘발유': '2,377원', '보통휘발유': '2,278원', '경유': '2,127원'}","{'세차장 여부': 'Y', '충전소 여부': 'N', '경정비 여부': 'N', '편의점 여부': 'N', '24시 영업 여부': 'Y'}"
HD현대오일뱅크,HD현대오일뱅크㈜직영 신사현대주유소,서울 강남구 도산대로 163 (신사동),강남구,"{'고급휘발유': '2,398원', '보통휘발유': '1,998원', '경유': '1,898원'}","{'세차장 여부': 'Y', '충전소 여부': 'N', '경정비 여부': 'N', '편의점 여부': 'N', '24시 영업 여부': 'N'}"
HD현대오일뱅크,㈜새서울석유 새서울주유소,서울 강남구 압구정로 154,강남구,"{'고급휘발유': '2,577원', '보통휘발유': '2,288원', '경유': '2,098원'}","{'세차장 여부': 'Y', '충전소 여부': 'N', '경정비 여부': 'N', '편의점 여부': 'N', '24시 영업 여부': 'Y'}"
GS칼텍스,(주)소모 쎈트럴주유소,서울 강남구 삼성로 335,강남구,"{'고급휘발유': '2,588원', '보통휘발유': '2,388원', '경유': '2,188원', '실내등유': '1,550원'}","{'세차장 여부': 'Y', '충전소 여부': 'N', '경정비 여부': 'N', '편의점 여부': 'N', '24시 영업 여부': 'N'}"
SK에너지,SK논현주유소,서울 강남구 논현로 747 (논현동),강남구,"{'고급휘발유': '2,670원', '보통휘발유': '2,435원', '경유': '2,270원', '실내등유': '1,840원'}","{'세차장 여부': 'Y', '충전소 여부': 'N', '경정비 여부': 'Y', '편의점 여부': 'N', '24시 영업 여부': 'Y'}"
HD현대오일뱅크,(주)제이제이네트웍스 제이제이주유소,서울 강남구 언주로 716,강남구,"{'고급휘발유': '2,768원', '보통휘발유': '2,548원', '경유': '2,290원'}","{'세차장 여부': 'Y', '충전소 여부': 'N', '경정비 여부': 'N', '편의점 여부': 'N', '24시 영업 여부': 'Y'}"
GS칼텍스,(주)만정에너지 삼보주유소,서울 강남구 봉은사로 433 (삼성동),강남구,"{'고급휘발유': '2,860원', '보통휘발유': '2,620원', '경유': '2,580원', '실내등유': '1,850원'}","{'세차장 여부': 'Y', '충전소 여부': 'N', '경정비 여부': 'N', '편의점 여부': 'N', '24시 영업 여부': 'N'}"
GS칼텍스,방죽주유소,서울 강남구 밤고개로 215 (율현동),강남구,"{'보통휘발유': '1,737원', '경유': '1,609원'}","{'세차장 여부': 'Y', '충전소 여부': 'N', '경정비 여부': 'N', '편의점 여부': 'N', '24시 영업 여부': 'N'}"
S-OIL,일원주유소,서울 강남구 양재대로55길 3 (일원동),강남구,"{'보통휘발유': '1,778원', '경유': '1,657원'}","{'세차장 여부': 'N', '충전소 여부': 'N', '경정비 여부': 'N', '편의점 여부': 'N', '24시 영업 여부': 'N'}"
SK에너지,자곡셀프주유소,서울 강남구 밤고개로 120 (자곡동),강남구,"{'보통휘발유': '1,778원', '경유': '1,642원'}","{'세차장 여부': 'Y', '충전소 여부': 'N', '경정비 여부': 'N', '편의점 여부': 'N', '24시 영업 여부': 'N'}"
SK에너지,대청주유소,서울 강남구 개포로 654 (일원동),강남구,"{'보통휘발유': '2,266원', '경유': '2,096원', '실내등유': '1,869원'}","{'세차장 여부': 'Y', '충전소 여부': 'N', '경정비 여부': 'N', '편의점 여부': 'N', '24시 영업 여부': 'N'}"
SK에너지,방아다리주유소,서울 강동구 동남로 811 (명일동),강동구,"{'고급휘발유': '1,895원', '보통휘발유': '1,695원', '경유': '1,575원'}","{'세차장 여부': 'Y', '충전소 여부': 'N', '경정비 여부': 'N', '편의점 여부': 'N', '24시 영업 여부': 'N'}"
SK에너지,주)지유에너지직영 오렌지주유소,서울 강동구 성안로 102 (성내동),강동구,"{'고급휘발유': '1,934원', '보통휘발유': '1,824원', '경유': '1,694원'}","{'세차장 여부': 'Y', '충전소 여부': 'N', '경정비 여부': 'Y', '편의점 여부': 'N', '24시 영업 여부': 'N'}"
GS칼텍스,지에스칼텍스㈜ 동서울주유소,서울 강동구 천호대로 1456 (상일동),강동구,"{'고급휘발유': '1,939원', '보통휘발유': '1,739원', '경유': '1,639원'}","{'세차장 여부': 'Y', '충전소 여부': 'N', '경정비 여부': 'N', '편의점 여부': 'N', '24시 영업 여부': 'N'}"
GS칼텍스,대성석유(주)길동주유소,서울 강동구 천호대로 1168,강동구,"{'고급휘발유': '1,965원', '보통휘발유': '1,766원', '경유': '1,628원', '실내등유': '1,600원'}","{'세차장 여부': 'Y', '충전소 여부': 'N', '경정비 여부': 'N', '편의점 여부': 'N', '24시 영업 여부': 'N'}"
S-OIL,(주)퍼스트오일 코알라주유소,서울특별시 강동구 올림픽로 556 (성내동),강동구,"{'고급휘발유': '1,970원', '보통휘발유': '1,810원', '경유': '1,690원'}","{'세차장 여부': 'Y', '충전소 여부': 'N', '경정비 여부': 'N', '편의점 여부': 'N', '24시 영업 여부': 'N'}"
GS칼텍스,(주)소모 신월주유소,서울 강동구 양재대로 1323,강동구,"{'고급휘발유': '1,976원', '보통휘발유': '1,776원', '경유': '1,648원', '실내등유': '1,500원'}","{'세차장 여부': 'Y', '충전소 여부': 'N', '경정비 여부': 'N', '편의점 여부': 'N', '24시 영업 여부': 'N'}"
SK에너지,sk해뜨는주유소,서울 강동구 상일로 132 (강일동),강동구,"{'고급휘발유': '1,999원', '보통휘발유': '1,789원', '경유': '1,639원', '실내등유': '1,600원'}","{'세차장 여부': 'Y', '충전소 여부': 'N', '경정비 여부': 'Y', '편의점 여부': 'N', '24시 영업 여부': 'N'}"
GS칼텍스,(주)삼표에너지 고덕주유소,서울 강동구 고덕로 39 (암사동),강동구,"{'고급휘발유': '1,999원', '보통휘발유': '1,796원', '경유': '1,658원', '실내등유': '1,699원'}","{'세차장 여부': 'Y', '충전소 여부': 'N', '경정비 여부': 'N', '편의점 여부': 'Y', '24시 영업 여부': 'N'}"
HD현대오일뱅크,구천면주유소,서울 강동구 구천면로 357 (암사동),강동구,"{'보통휘발유': '1,683원', '경유': '1,567원'}","{'세차장 여부': 'N', '충전소 여부': 'N', '경정비 여부': 'N', '편의점 여부': 'N', '24시 영업 여부': 'N'}"
HD현대오일뱅크,재건에너지 재정제2주유소 고속셀프지점,서울특별시 강동구 천호대로 1246 (둔촌제2동),강동구,"{'보통휘발유': '1,685원', '경유': '1,569원'}","{'세차장 여부': 'Y', '충전소 여부': 'N', '경정비 여부': 'N', '편의점 여부': 'N', '24시 영업 여부': 'N'}"
GS칼텍스,(주)소모 성내주유소,서울 강동구 올림픽로 578 (성내동),강동구,"{'보통휘발유': '1,818원', '경유': '1,698원'}","{'세차장 여부': 'Y', '충전소 여부': 'N', '경정비 여부': 'Y', '편의점 여부': 'N', '24시 영업 여부': 'N'}"
HD현대오일뱅크,천호현대주유소,서울 강동구 천중로 67 (천호동),강동구,"{'보통휘발유': '1,938원', '경유': '1,793원'}","{'세차장 여부': 'Y', '충전소 여부': 'N', '경정비 여부': 'Y', '편의점 여부': 'N', '24시 영업 여부': 'N'}"
S-OIL,광성주유소,서울 강동구 올림픽로 673 (천호동),강동구,"{'보통휘발유': '1,968원', '경유': '1,858원'}","{'세차장 여부': 'Y', '충전소 여부': 'N', '경정비 여부': 'Y', '편의점 여부': 'N', '24시 영업 여부': 'Y'}"
GS칼텍스,㈜지에스이앤알 미아주유소,서울 강북구 도봉로 122 (미아동),강북구,"{'고급휘발유': '1,849원', '보통휘발유': '1,669원', '경유': '1,525원'}","{'세차장 여부': 'Y', '충전소 여부': 'N', '경정비 여부': 'N', '편의점 여부': 'N', '24시 영업 여부': 'N'}"
HD현대오일뱅크,(주)자연에너지 번동주유소,서울 강북구 한천로 963 (번동),강북구,"{'고급휘발유': '1,849원', '보통휘발유': '1,645원', '경유': '1,515원'}","{'세차장 여부': 'Y', '충전소 여부': 'N', '경정비 여부': 'N', '편의점 여부': 'N', '24시 영업 여부': 'N'}"
HD현대오일뱅크,(주)서울에너지 시민주유소,서울 강북구 인수봉로 185 (수유동),강북구,"{'고급휘발유': '1,849원', '보통휘발유': '1,645원', '경유': '1,515원'}","{'세차장 여부': 'N', '충전소 여부': 'N', '경정비 여부': 'N', '편의점 여부': 'N', '24시 영업 여부': 'N'}"
SK에너지,북서울고속주유소,서울 강북구 삼양로 410 (수유동),강북구,"{'고급휘발유': '1,849원', '보통휘발유': '1,715원', '경유': '1,575원'}","{'세차장 여부': 'N', '충전소 여부': 'N', '경정비 여부': 'N', '편의점 여부': 'N', '24시 영업 여부': 'N'}"
HD현대오일뱅크,(주)석산에너지,서울 강북구 삼양로 316 (수유동),강북구,"{'보통휘발유': '1,645원', '경유': '1,515원', '실내등유': '1,380원'}","{'세차장 여부': 'N', '충전소 여부': 'N', '경정비 여부': 'N', '편의점 여부': 'N', '24시 영업 여부': 'N'}"
S-OIL,덕릉로주유소,서울 강북구 덕릉로 158 (번동),강북구,"{'보통휘발유': '1,645원', '경유': '1,515원'}","{'세차장 여부': 'Y', '충전소 여부': 'N', '경정비 여부': 'N', '편의점 여부': 'N', '24시 영업 여부': 'N'}"
GS칼텍스,수유동주유소,서울 강북구 도봉로 395 (수유동),강북구,"{'보통휘발유': '1,661원', '경유': '1,525원'}","{'세차장 여부': 'N', '충전소 여부': 'N', '경정비 여부': 'N', '편의점 여부': 'N', '24시 영업 여부': 'Y'}"
SK에너지,SK에너지(주) 매일주유소,서울 강북구 삼양로 217 (미아동),강북구,"{'보통휘발유': '1,689원', '경유': '1,557원'}","{'세차장 여부': 'Y', '충전소 여부': 'N', '경정비 여부': 'N', '편의점 여부': 'Y', '24시 영업 여부': 'N'}"
S-OIL,씨앤에스유통㈜ 미아셀프주유소,서울 강북구 도봉로 200 (미아동),강북구,"{'보통휘발유': '1,690원', '경유': '1,555원'}","{'세차장 여부': 'Y', '충전소 여부': 'N', '경정비 여부': 'N', '편의점 여부': 'N', '24시 영업 여부': 'N'}"
GS칼텍스,대성석유(주)신광주유소,서울 강북구 삼양로 484,강북구,"{'보통휘발유': '1,729원', '경유': '1,579원', '실내등유': '1,500원'}","{'세차장 여부': 'Y', '충전소 여부': 'N', '경정비 여부': 'Y', '편의점 여부': 'N', '24시 영업 여부': 'N'}"
S-OIL,피트인 하이웨이,서울 강서구 공항대로 432,강서구,"{'고급휘발유': '1,856원', '보통휘발유': '1,654원', '경유': '1,524원'}","{'세차장 여부': 'Y', '충전소 여부': 'N', '경정비 여부': 'N', '편의점 여부': 'N', '24시 영업 여부': 'Y'}"
GS칼텍스,지에스칼텍스㈜ 경인고속주유소,서울 강서구 국회대로 225 (화곡동),강서구,"{'고급휘발유': '1,862원', '보통휘발유': '1,662원', '경유': '1,557원', '실내등유': '1,450원'}","{'세차장 여부': 'Y', '충전소 여부': 'Y', '경정비 여부': 'N', '편의점 여부': 'N', '24시 영업 여부': 'Y'}"
SK에너지,KH에너지㈜직영 가양주유소,서울 강서구 강서로 498 (가양동),강서구,"{'고급휘발유': '1,884원', '보통휘발유': '1,694원', '경유': '1,543원'}","{'세차장 여부': 'Y', '충전소 여부': 'N', '경정비 여부': 'Y', '편의점 여부': 'Y', '24시 영업 여부': 'Y'}"
HD현대오일뱅크,HD현대오일뱅크㈜직영 양화교셀프주유소,서울 강서구 공항대로 653,강서구,"{'고급휘발유': '1,885원', '보통휘발유': '1,704원', '경유': '1,599원', '실내등유': '1,489원'}","{'세차장 여부': 'Y', '충전소 여부': 'N', '경정비 여부': 'N', '편의점 여부': 'N', '24시 영업 여부': 'N'}"
SK에너지,오션네트웍스(주) 서울식물원지점,서울 강서구 양천로 300,강서구,"{'고급휘발유': '1,889원', '보통휘발유': '1,699원', '경유': '1,548원'}","{'세차장 여부': 'N', '충전소 여부': 'N', '경정비 여부': 'N', '편의점 여부': 'N', '24시 영업 여부': 'N'}"
SK에너지,KH에너지㈜직영 KH외발산주유소,서울 강서구 방화대로 30,강서구,"{'고급휘발유': '1,895원', '보통휘발유': '1,652원', '경유': '1,522원'}","{'세차장 여부': 'Y', '충전소 여부': 'Y', '경정비 여부': 'Y', '편의점 여부': 'Y', '24시 영업 여부': 'N'}"
GS칼텍스,대성석유(주) 마곡대성주유소,서울 강서구 강서로 457,강서구,"{'고급휘발유': '1,899원', '보통휘발유': '1,699원', '경유': '1,548원'}","{'세차장 여부': 'N', '충전소 여부': 'N', '경정비 여부': 'N', '편의점 여부': 'N', '24시 영업 여부': 'N'}"
GS칼텍스,대성석유(주)방화대성주유소,서울 강서구 양천로 176,강서구,"{'고급휘발유': '1,899원', '보통휘발유': '1,699원', '경유': '1,568원'}","{'세차장 여부': 'Y', '충전소 여부': 'N', '경정비 여부': 'N', '편의점 여부': 'Y', '24시 영업 여부': 'N'}"
S-OIL,스카이주유소,서울 강서구 개화동로 457 (방화동),강서구,"{'고급휘발유': '1,915원', '보통휘발유': '1,650원', '경유': '1,525원'}","{'세차장 여부': 'Y', '충전소 여부': 'N', '경정비 여부': 'N', '편의점 여부': 'Y', '24시 영업 여부': 'Y'}"
HD현대오일뱅크,행촌에너지 공항주유소,서울 강서구 개화동로 420 (개화동),강서구,"{'고급휘발유': '1,915원', '보통휘발유': '1,650원', '경유': '1,525원'}","{'세차장 여부': 'Y', '충전소 여부': 'N', '경정비 여부': 'Y', '편의점 여부': 'Y', '24시 영업 여부': 'Y'}"
GS칼텍스,대성주유소,서울 강서구 강서로 472,강서구,"{'고급휘발유': '1,916원', '보통휘발유': '1,719원', '경유': '1,568원'}","{'세차장 여부': 'Y', '충전소 여부': 'N', '경정비 여부': 'Y', '편의점 여부': 'N', '24시 영업 여부': 'N'}"
GS칼텍스,대성석유(주) 관문주유소,서울 강서구 공항대로 314,강서구,"{'고급휘발유': '1,916원', '보통휘발유': '1,719원', '경유': '1,568원', '실내등유': '1,600원'}","{'세차장 여부': 'Y', '충전소 여부': 'N', '경정비 여부': 'Y', '편의점 여부': 'N', '24시 영업 여부': 'N'}"
SK에너지,화곡현대주유소,서울 강서구 강서로 151 (화곡동),강서구,"{'고급휘발유': '1,926원', '보통휘발유': '1,723원', '경유': '1,586원'}","{'세차장 여부': 'Y', '충전소 여부': 'N', '경정비 여부': 'N', '편의점 여부': 'N', '24시 영업 여부': 'Y'}"
SK에너지,우장산주유소,서울 강서구 강서로 292,강서구,"{'고급휘발유': '1,946원', '보통휘발유': '1,718원', '경유': '1,568원'}","{'세차장 여부': 'Y', '충전소 여부': 'N', '경정비 여부': 'N', '편의점 여부': 'N', '24시 영업 여부': 'N'}"
HD현대오일뱅크,HD현대오일뱅크㈜직영 가양주유소,서울 강서구 양천로 391 (가양동),강서구,"{'고급휘발유': '1,955원', '보통휘발유': '1,759원', '경유': '1,619원'}","{'세차장 여부': 'Y', '충전소 여부': 'N', '경정비 여부': 'N', '편의점 여부': 'N', '24시 영업 여부': 'N'}"
GS칼텍스,박물관주유소,서울 강서구 양천로53길 97 (가양동),강서구,"{'고급휘발유': '1,998원', '보통휘발유': '1,798원', '경유': '1,658원'}","{'세차장 여부': 'Y', '충전소 여부': 'N', '경정비 여부': 'Y', '편의점 여부': 'Y', '24시 영업 여부': 'N'}"
HD현대오일뱅크,이케이에너지(주) 강서주유소,서울 강서구 화곡로 273 (화곡동),강서구,"{'보통휘발유': '1,638원', '경유': '1,513원'}","{'세차장 여부': 'Y', '충전소 여부': 'N', '경정비 여부': 'Y', '편의점 여부': 'N', '24시 영업 여부': 'N'}"
알뜰주유소,화곡역주유소,서울 강서구 강서로 154 (화곡동),강서구,"{'보통휘발유': '1,638원', '경유': '1,513원'}","{'세차장 여부': 'N', '충전소 여부': 'N', '경정비 여부': 'N', '편의점 여부': 'N', '24시 영업 여부': 'Y'}"
SK에너지,강서오곡셀프주유소,서울 강서구 벌말로 254 (오곡동),강서구,"{'보통휘발유': '1,655원', '경유': '1,525원'}","{'세차장 여부': 'Y', '충전소 여부': 'N', '경정비 여부': 'N', '편의점 여부': 'N', '24시 영업 여부': 'Y'}"
알뜰주유소,유턴주유소,서울 강서구 남부순환로 57,강서구,"{'보통휘발유': '1,659원', '경유': '1,535원', '실내등유': '1,400원'}","{'세차장 여부': 'N', '충전소 여부': 'N', '경정비 여부': 'N', '편의점 여부': 'N', '24시 영업 여부': 'N'}"
HD현대오일뱅크,㈜오일마스터강서지점 등촌주유소,서울 강서구 등촌로 189,강서구,"{'보통휘발유': '1,659원', '경유': '1,534원'}","{'세차장 여부': 'Y', '충전소 여부': 'N', '경정비 여부': 'Y', '편의점 여부': 'N', '24시 영업 여부': 'N'}"
알뜰주유소,목화주유소,서울 강서구 국회대로 251 (화곡동),강서구,"{'보통휘발유': '1,662원', '경유': '1,537원'}","{'세차장 여부': 'Y', '충전소 여부': 'N', '경정비 여부': 'N', '편의점 여부': 'N', '24시 영업 여부': 'N'}"
알뜰주유소,뉴신정주유소,서울 강서구 곰달래로 207,강서구,"{'보통휘발유': '1,662원', '경유': '1,537원'}","{'세차장 여부': 'N', '충전소 여부': 'N', '경정비 여부': 'Y', '편의점 여부': 'Y', '24시 영업 여부': 'N'}"
SK에너지,㈜한경에너지 신화곡주유소,서울 강서구 국회대로 71,강서구,"{'보통휘발유': '1,662원', '경유': '1,537원'}","{'세차장 여부': 'Y', '충전소 여부': 'N', '경정비 여부': 'N', '편의점 여부': 'Y', '24시 영업 여부': 'Y'}"
SK에너지,(주)타이거오일 방화주유소,서울 강서구 방화동로 58-2,강서구,"{'보통휘발유': '1,664원', '경유': '1,533원', '실내등유': '1,600원'}","{'세차장 여부': 'N', '충전소 여부': 'N', '경정비 여부': 'N', '편의점 여부': 'N', '24시 영업 여부': 'N'}"
S-OIL,씨앤에스유통(주) 마곡드림주유소,서울 강서구 방화대로 254(마곡동),강서구,"{'보통휘발유': '1,665원', '경유': '1,535원'}","{'세차장 여부': 'Y', '충전소 여부': 'N', '경정비 여부': 'N', '편의점 여부': 'N', '24시 영업 여부': 'N'}"
GS칼텍스,강서열린주유소,서울 강서구 등촌로 213 (등촌동),강서구,"{'보통휘발유': '1,698원', '경유': '1,578원', '실내등유': '1,600원'}","{'세차장 여부': 'Y', '충전소 여부': 'N', '경정비 여부': 'N', '편의점 여부': 'N', '24시 영업 여부': 'N'}"
SK에너지,개화주유소,서울 강서구 양천로 57,강서구,"{'보통휘발유': '1,717원', '경유': '1,577원'}","{'세차장 여부': 'Y', '충전소 여부': 'N', '경정비 여부': 'N', '편의점 여부': 'N', '24시 영업 여부': 'N'}"
SK에너지,세원제1주유소,서울 강서구 양천로 311 (가양동),강서구,"{'보통휘발유': '1,738원', '경유': '1,588원'}","{'세차장 여부': 'Y', '충전소 여부': 'N', '경정비 여부': 'Y', '편의점 여부': 'N', '24시 영업 여부': 'N'}"
S-OIL,(주)한진 김포공항제2주유소,서울 강서구 하늘길 112,강서구,"{'보통휘발유': '1,774원', '경유': '1,650원'}","{'세차장 여부': 'N', '충전소 여부': 'N', '경정비 여부': 'N', '편의점 여부': 'N', '24시 영업 여부': 'N'}"
SK에너지,코리나(주)청룡주유소,서울 강서구 양천로 576,강서구,"{'보통휘발유': '1,828원', '경유': '1,698원', '실내등유': '1,600원'}","{'세차장 여부': 'Y', '충전소 여부': 'N', '경정비 여부': 'N', '편의점 여부': 'N', '24시 영업 여부': 'N'}"
S-OIL,참솔에너지,서울 강서구 벌말로 281 (오곡동),강서구,"{'보통휘발유': '1,897원', '경유': '1,795원'}","{'세차장 여부': 'Y', '충전소 여부': 'N', '경정비 여부': 'N', '편의점 여부': 'N', '24시 영업 여부': 'N'}"
SK에너지,염창동주유소,서울 강서구 양천로 720,강서구,"{'보통휘발유': '2,030원', '경유': '1,858원'}","{'세차장 여부': 'Y', '충전소 여부': 'N', '경정비 여부': 'N', '편의점 여부': 'N', '24시 영업 여부': 'N'}"
HD현대오일뱅크,㈜CW창원,서울 관악구 과천대로 921 (남현동),관악구,"{'고급휘발유': '1,885원', '보통휘발유': '1,638원', '경유': '1,513원'}","{'세차장 여부': 'Y', '충전소 여부': 'N', '경정비 여부': 'Y', '편의점 여부': 'N', '24시 영업 여부': 'N'}"
GS칼텍스,서일석유(주)락성주유소,서울 관악구 남부순환로 1920 (봉천동),관악구,"{'고급휘발유': '1,895원', '보통휘발유': '1,695원', '경유': '1,595원', '실내등유': '1,380원'}","{'세차장 여부': 'Y', '충전소 여부': 'N', '경정비 여부': 'Y', '편의점 여부': 'N', '24시 영업 여부': 'Y'}"
SK에너지,SK에너지(주)직영 신봉천주유소,서울 관악구 남부순환로 1880 (봉천동),관악구,"{'고급휘발유': '1,905원', '보통휘발유': '1,745원', '경유': '1,625원', '실내등유': '1,380원'}","{'세차장 여부': 'Y', '충전소 여부': 'N', '경정비 여부': 'N', '편의점 여부': 'Y', '24시 영업 여부': 'N'}"
SK에너지,(주)한유에너지 행운주유소,서울 관악구 남부순환로 1883 (봉천동),관악구,"{'고급휘발유': '1,994원', '보통휘발유': '1,694원', '경유': '1,594원'}","{'세차장 여부': 'Y', '충전소 여부': 'N', '경정비 여부': 'N', '편의점 여부': 'N', '24시 영업 여부': 'N'}"
HD현대오일뱅크,HD현대오일뱅크㈜직영 관악셀프주유소,서울 관악구 남부순환로 1520 (신림동),관악구,"{'고급휘발유': '2,029원', '보통휘발유': '1,769원', '경유': '1,628원'}","{'세차장 여부': 'N', '충전소 여부': 'N', '경정비 여부': 'N', '편의점 여부': 'N', '24시 영업 여부': 'N'}"
GS칼텍스,CJ대한통운㈜ 신림주유소,서울 관악구 남부순환로 1515 (신림동),관악구,"{'고급휘발유': '2,099원', '보통휘발유': '1,948원', '경유': '1,778원'}","{'세차장 여부': 'Y', '충전소 여부': 'N', '경정비 여부': 'N', '편의점 여부': 'N', '24시 영업 여부': 'N'}"
HD현대오일뱅크,HD현대오일뱅크㈜직영 문성골주유소,서울 관악구 문성로 97,관악구,"{'보통휘발유': '1,659원', '경유': '1,544원', '실내등유': '1,399원'}","{'세차장 여부': 'Y', '충전소 여부': 'N', '경정비 여부': 'N', '편의점 여부': 'N', '24시 영업 여부': 'N'}"
HD현대오일뱅크,진우7주유소 ㈜준우에너지,서울 관악구 보라매로 41,관악구,"{'보통휘발유': '1,684원', '경유': '1,564원'}","{'세차장 여부': 'N', '충전소 여부': 'N', '경정비 여부': 'N', '편의점 여부': 'N', '24시 영업 여부': 'N'}"
알뜰주유소,(주)연우에너지 신관주유소,서울 관악구 신림로 290 (신림동),관악구,"{'보통휘발유': '1,684원', '경유': '1,564원', '실내등유': '1,400원'}","{'세차장 여부': 'Y', '충전소 여부': 'N', '경정비 여부': 'N', '편의점 여부': 'N', '24시 영업 여부': 'N'}"
SK에너지,대양석유(주)직영 보라매주유소,서울 관악구 보라매로 26 (봉천동),관악구,"{'보통휘발유': '1,724원', '경유': '1,594원'}","{'세차장 여부': 'Y', '충전소 여부': 'N', '경정비 여부': 'N', '편의점 여부': 'N', '24시 영업 여부': 'N'}"
S-OIL,유림주유소,서울 관악구 신림로 176 (신림동),관악구,"{'보통휘발유': '1,768원', '경유': '1,648원', '실내등유': '1,498원'}","{'세차장 여부': 'Y', '충전소 여부': 'N', '경정비 여부': 'Y', '편의점 여부': 'N', '24시 영업 여부': 'Y'}"
HD현대오일뱅크,현대주유소,서울 관악구 난곡로 108 (신림동),관악구,"{'보통휘발유': '1,769원', '경유': '1,646원'}","{'세차장 여부': 'N', '충전소 여부': 'N', '경정비 여부': 'N', '편의점 여부': 'N', '24시 영업 여부': 'N'}"
S-OIL,관악시몬주유소,서울특별시 관악구 남부순환로 1753 (봉천동),관악구,"{'보통휘발유': '1,855원', '경유': '1,695원'}","{'세차장 여부': 'Y', '충전소 여부': 'N', '경정비 여부': 'N', '편의점 여부': 'N', '24시 영업 여부': 'N'}"
GS칼텍스,지에스칼텍스㈜ 난곡주유소,서울 관악구 난곡로 206,관악구,"{'보통휘발유': '1,989원', '경유': '1,799원'}","{'세차장 여부': 'N', '충전소 여부': 'N', '경정비 여부': 'N', '편의점 여부': 'N', '24시 영업 여부': 'N'}"
SK에너지,서울중앙고속주유소,서울 광진구 동일로 345 (중곡동),광진구,"{'고급휘발유': '1,799원', '보통휘발유': '1,675원', '경유': '1,545원'}","{'세차장 여부': 'N', '충전소 여부': 'N', '경정비 여부': 'N', '편의점 여부': 'N', '24시 영업 여부': 'N'}"
S-OIL,정해네트웍스(주)일진주유소,서울 광진구 동일로 413 (중곡동),광진구,"{'고급휘발유': '1,824원', '보통휘발유': '1,675원', '경유': '1,545원'}","{'세차장 여부': 'Y', '충전소 여부': 'N', '경정비 여부': 'N', '편의점 여부': 'N', '24시 영업 여부': 'Y'}"
GS칼텍스,㈜동화오일 대원주유소,서울 광진구 용마산로 122 (중곡동),광진구,"{'고급휘발유': '1,825원', '보통휘발유': '1,645원', '경유': '1,515원'}","{'세차장 여부': 'Y', '충전소 여부': 'N', '경정비 여부': 'N', '편의점 여부': 'N', '24시 영업 여부': 'N'}"
HD현대오일뱅크,HD현대오일뱅크㈜직영 능동주유소,서울 광진구 천호대로 584 (능동),광진구,"{'고급휘발유': '1,844원', '보통휘발유': '1,655원', '경유': '1,527원', '실내등유': '1,490원'}","{'세차장 여부': 'Y', '충전소 여부': 'N', '경정비 여부': 'Y', '편의점 여부': 'N', '24시 영업 여부': 'Y'}"
S-OIL,삼호주유소,서울 광진구 천호대로 809 (광장동),광진구,"{'고급휘발유': '1,844원', '보통휘발유': '1,655원', '경유': '1,527원'}","{'세차장 여부': 'Y', '충전소 여부': 'N', '경정비 여부': 'N', '편의점 여부': 'N', '24시 영업 여부': 'Y'}"
HD현대오일뱅크,HD현대오일뱅크㈜직영 중곡현대주유소,서울 광진구 동일로 435 (중곡동),광진구,"{'고급휘발유': '1,867원', '보통휘발유': '1,675원', '경유': '1,547원'}","{'세차장 여부': 'Y', '충전소 여부': 'N', '경정비 여부': 'N', '편의점 여부': 'N', '24시 영업 여부': 'N'}"
SK에너지,유니스에너지 자양주유소,서울 광진구 아차산로 298 (자양동),광진구,"{'고급휘발유': '2,038원', '보통휘발유': '1,768원', '경유': '1,648원'}","{'세차장 여부': 'Y', '충전소 여부': 'N', '경정비 여부': 'N', '편의점 여부': 'N', '24시 영업 여부': 'N'}"
SK에너지,강평주유소,서울 광진구 아차산로 616,광진구,"{'고급휘발유': '2,127원', '보통휘발유': '1,938원', '경유': '1,798원', '실내등유': '1,558원'}","{'세차장 여부': 'Y', '충전소 여부': 'N', '경정비 여부': 'N', '편의점 여부': 'N', '24시 영업 여부': 'N'}"
HD현대오일뱅크,(주)창원CW,서울 광진구 광나루로 460 (화양동),광진구,"{'보통휘발유': '1,645원', '경유': '1,517원'}","{'세차장 여부': 'Y', '충전소 여부': 'N', '경정비 여부': 'N', '편의점 여부': 'N', '24시 영업 여부': 'N'}"
HD현대오일뱅크,(주)자연에너지 중원주유소,서울 광진구 동일로 398 (중곡동),광진구,"{'보통휘발유': '1,645원', '경유': '1,517원'}","{'세차장 여부': 'Y', '충전소 여부': 'N', '경정비 여부': 'N', '편의점 여부': 'N', '24시 영업 여부': 'N'}"
HD현대오일뱅크,HD현대오일뱅크㈜직영 장호셀프주유소,서울 광진구 자양로 37,광진구,"{'보통휘발유': '1,665원', '경유': '1,539원'}","{'세차장 여부': 'Y', '충전소 여부': 'N', '경정비 여부': 'Y', '편의점 여부': 'N', '24시 영업 여부': 'N'}"
GS칼텍스,용마주유소,서울 광진구 용마산로 68 (중곡동),광진구,"{'보통휘발유': '1,670원', '경유': '1,537원'}","{'세차장 여부': 'N', '충전소 여부': 'N', '경정비 여부': 'N', '편의점 여부': 'N', '24시 영업 여부': 'N'}"
SK에너지,(주)장수주유소,서울 광진구 동일로 266 (군자동),광진구,"{'보통휘발유': '1,675원', '경유': '1,565원'}","{'세차장 여부': 'N', '충전소 여부': 'N', '경정비 여부': 'Y', '편의점 여부': 'N', '24시 영업 여부': 'Y'}"
SK에너지,서서울고속주유소,서울 구로구 경인로 150 (오류동),구로구,"{'고급휘발유': '1,849원', '보통휘발유': '1,695원', '경유': '1,555원'}","{'세차장 여부': 'Y', '충전소 여부': 'N', '경정비 여부': 'N', '편의점 여부': 'N', '24시 영업 여부': 'N'}"
GS칼텍스,지에스칼텍스㈜ 개봉동주유소,서울 구로구 경인로 290,구로구,"{'고급휘발유': '1,857원', '보통휘발유': '1,647원', '경유': '1,520원'}","{'세차장 여부': 'Y', '충전소 여부': 'N', '경정비 여부': 'N', '편의점 여부': 'N', '24시 영업 여부': 'Y'}"
HD현대오일뱅크,㈜자연에너지 고척주유소,서울 구로구 고척로 199 (고척동),구로구,"{'고급휘발유': '1,859원', '보통휘발유': '1,627원', '경유': '1,510원'}","{'세차장 여부': 'Y', '충전소 여부': 'N', '경정비 여부': 'N', '편의점 여부': 'N', '24시 영업 여부': 'N'}"
HD현대오일뱅크,(주)서울에너지 궁동주유소,서울 구로구 오리로 1299 (궁동),구로구,"{'고급휘발유': '1,859원', '보통휘발유': '1,627원', '경유': '1,510원'}","{'세차장 여부': 'N', '충전소 여부': 'N', '경정비 여부': 'N', '편의점 여부': 'N', '24시 영업 여부': 'N'}"
HD현대오일뱅크,영진주유소,서울 구로구 구로동로 20 (가리봉동),구로구,"{'고급휘발유': '1,859원', '보통휘발유': '1,627원', '경유': '1,510원'}","{'세차장 여부': 'N', '충전소 여부': 'N', '경정비 여부': 'N', '편의점 여부': 'N', '24시 영업 여부': 'N'}"
GS칼텍스,대성산업(주)디큐브주유소,서울 구로구 경인로 650,구로구,"{'고급휘발유': '1,895원', '보통휘발유': '1,685원', '경유': '1,515원'}","{'세차장 여부': 'N', '충전소 여부': 'N', '경정비 여부': 'N', '편의점 여부': 'N', '24시 영업 여부': 'Y'}"
SK에너지,SK구로주유소,서울 구로구 구일로 94 (구로동),구로구,"{'고급휘발유': '1,899원', '보통휘발유': '1,697원', '경유': '1,567원'}","{'세차장 여부': 'Y', '충전소 여부': 'N', '경정비 여부': 'N', '편의점 여부': 'N', '24시 영업 여부': 'N'}"
HD현대오일뱅크,HD현대오일뱅크㈜직영 구로셀프주유소,서울 구로구 시흥대로 531,구로구,"{'고급휘발유': '1,908원', '보통휘발유': '1,729원', '경유': '1,607원'}","{'세차장 여부': 'Y', '충전소 여부': 'N', '경정비 여부': 'Y', '편의점 여부': 'N', '24시 영업 여부': 'Y'}"
HD현대오일뱅크,대원셀프주유소,서울 구로구 개봉로 7,구로구,"{'고급휘발유': '1,968원', '보통휘발유': '1,768원', '경유': '1,598원'}","{'세차장 여부': 'Y', '충전소 여부': 'N', '경정비 여부': 'N', '편의점 여부': 'N', '24시 영업 여부': 'N'}"
HD현대오일뱅크,(주)제이제이네트웍스 신구로주유소,서울 구로구 가마산로 293 (구로동),구로구,"{'고급휘발유': '2,158원', '보통휘발유': '1,948원', '경유': '1,748원'}","{'세차장 여부': 'Y', '충전소 여부': 'N', '경정비 여부': 'N', '편의점 여부': 'N', '24시 영업 여부': 'N'}"
HD현대오일뱅크,개봉주유소,서울 구로구 고척로 115 (개봉동),구로구,"{'보통휘발유': '1,627원', '경유': '1,549원'}","{'세차장 여부': 'Y', '충전소 여부': 'N', '경정비 여부': 'N', '편의점 여부': 'N', '24시 영업 여부': 'N'}"
S-OIL,씨앤에스유통(주) 구로드림주유소,서울 구로구 경인로 41 (온수동),구로구,"{'보통휘발유': '1,665원', '경유': '1,535원'}","{'세차장 여부': 'Y', '충전소 여부': 'N', '경정비 여부': 'N', '편의점 여부': 'N', '24시 영업 여부': 'N'}"
알뜰주유소,신성주유소,서울 구로구 구로동로 187 (구로제2동),구로구,"{'보통휘발유': '1,666원', '경유': '1,536원'}","{'세차장 여부': 'Y', '충전소 여부': 'N', '경정비 여부': 'N', '편의점 여부': 'N', '24시 영업 여부': 'N'}"
GS칼텍스,(주)한미석유구로그린주유소,서울 구로구 구로중앙로 76 (구로동),구로구,"{'보통휘발유': '1,668원', '경유': '1,538원'}","{'세차장 여부': 'Y', '충전소 여부': 'N', '경정비 여부': 'Y', '편의점 여부': 'N', '24시 영업 여부': 'N'}"
S-OIL,극동유화(주) 항동주유소,서울 구로구 서해안로 2154 (항동),구로구,"{'보통휘발유': '1,675원', '경유': '1,515원'}","{'세차장 여부': 'Y', '충전소 여부': 'N', '경정비 여부': 'N', '편의점 여부': 'N', '24시 영업 여부': 'N'}"
SK에너지,구인주유소,서울 구로구 경인로 558 (구로동),구로구,"{'보통휘발유': '1,697원', '경유': '1,567원'}","{'세차장 여부': 'Y', '충전소 여부': 'N', '경정비 여부': 'Y', '편의점 여부': 'Y', '24시 영업 여부': 'N'}"
S-OIL,동아주유소,서울 구로구 도림로 91 (구로동),구로구,"{'보통휘발유': '1,998원', '경유': '1,798원', '실내등유': '1,698원'}","{'세차장 여부': 'N', '충전소 여부': 'N', '경정비 여부': 'N', '편의점 여부': 'Y', '24시 영업 여부': 'N'}"
GS칼텍스,구로주유소,서울 구로구 구로동로 137 (구로동),구로구,"{'보통휘발유': '2,290원', '경유': '2,140원', '실내등유': '1,790원'}","{'세차장 여부': 'N', '충전소 여부': 'N', '경정비 여부': 'N', '편의점 여부': 'N', '24시 영업 여부': 'N'}"
GS칼텍스,대득에너지(금천셀프주유소),서울 금천구 시흥대로 81 (시흥동),금천구,"{'고급휘발유': '1,885원', '보통휘발유': '1,695원', '경유': '1,555원'}","{'세차장 여부': 'Y', '충전소 여부': 'N', '경정비 여부': 'N', '편의점 여부': 'Y', '24시 영업 여부': 'Y'}"
SK에너지,SK에너지(주) 박미주유소,서울 금천구 시흥대로 39-7 (시흥동),금천구,"{'고급휘발유': '1,885원', '보통휘발유': '1,760원', '경유': '1,625원', '실내등유': '1,380원'}","{'세차장 여부': 'Y', '충전소 여부': 'N', '경정비 여부': 'N', '편의점 여부': 'N', '24시 영업 여부': 'N'}"
SK에너지,SK에너지(주) 이가주유소,서울 금천구 시흥대로 441,금천구,"{'고급휘발유': '1,889원', '보통휘발유': '1,739원', '경유': '1,609원', '실내등유': '1,380원'}","{'세차장 여부': 'Y', '충전소 여부': 'N', '경정비 여부': 'Y', '편의점 여부': 'N', '24시 영업 여부': 'N'}"
HD현대오일뱅크,현대오일뱅크㈜직영 금천제일주유소,서울 금천구 남부순환로 1410 (독산동),금천구,"{'고급휘발유': '1,889원', '보통휘발유': '1,789원', '경유': '1,649원'}","{'세차장 여부': 'Y', '충전소 여부': 'N', '경정비 여부': 'N', '편의점 여부': 'N', '24시 영업 여부': 'N'}"
GS칼텍스,지에스칼텍스(주)일신주유소,서울 금천구 시흥대로 118,금천구,"{'고급휘발유': '1,925원', '보통휘발유': '1,725원', '경유': '1,595원', '실내등유': '1,650원'}","{'세차장 여부': 'Y', '충전소 여부': 'N', '경정비 여부': 'N', '편의점 여부': 'N', '24시 영업 여부': 'N'}"
HD현대오일뱅크,HD현대오일뱅크㈜직영 금천현대셀프주유소,서울 금천구 독산로 147 (시흥동),금천구,"{'고급휘발유': '1,989원', '보통휘발유': '1,696원', '경유': '1,584원'}","{'세차장 여부': 'Y', '충전소 여부': 'N', '경정비 여부': 'N', '편의점 여부': 'N', '24시 영업 여부': 'N'}"
SK에너지,(주)화동유업 화동주유소,서울 금천구 시흥대로 484,금천구,"{'보통휘발유': '1,656원', '경유': '1,533원', '실내등유': '1,450원'}","{'세차장 여부': 'Y', '충전소 여부': 'N', '경정비 여부': 'N', '편의점 여부': 'N', '24시 영업 여부': 'N'}"
알뜰주유소,(주)백운주유소,서울 금천구 시흥대로 282,금천구,"{'보통휘발유': '1,663원', '경유': '1,534원', '실내등유': '1,400원'}","{'세차장 여부': 'N', '충전소 여부': 'N', '경정비 여부': 'N', '편의점 여부': 'N', '24시 영업 여부': 'N'}"
S-OIL,구광주유소,서울 금천구 서부샛길 674 (가산동),금천구,"{'보통휘발유': '1,675원', '경유': '1,545원', '실내등유': '1,350원'}","{'세차장 여부': 'Y', '충전소 여부': 'N', '경정비 여부': 'N', '편의점 여부': 'N', '24시 영업 여부': 'N'}"
S-OIL,백산주유소,서울특별시 금천구 시흥대로 174 (시흥동),금천구,"{'보통휘발유': '1,725원', '경유': '1,595원'}","{'세차장 여부': 'Y', '충전소 여부': 'N', '경정비 여부': 'Y', '편의점 여부': 'N', '24시 영업 여부': 'N'}"
HD현대오일뱅크,HD현대오일뱅크㈜직영 남서울셀프주유소,서울 금천구 독산로 257 (독산동),금천구,"{'보통휘발유': '1,738원', '경유': '1,615원'}","{'세차장 여부': 'N', '충전소 여부': 'N', '경정비 여부': 'N', '편의점 여부': 'N', '24시 영업 여부': 'N'}"
HD현대오일뱅크,(주)정건에너지직영,서울 노원구 노원로17길 29 (하계동),노원구,"{'고급휘발유': '1,944원', '보통휘발유': '1,675원', '경유': '1,575원'}","{'세차장 여부': 'Y', '충전소 여부': 'N', '경정비 여부': 'N', '편의점 여부': 'N', '24시 영업 여부': 'N'}"
S-OIL,태릉솔밭주유소,서울 노원구 노원로 49 (공릉동),노원구,"{'고급휘발유': '1,957원', '보통휘발유': '1,695원', '경유': '1,575원'}","{'세차장 여부': 'Y', '충전소 여부': 'N', '경정비 여부': 'N', '편의점 여부': 'N', '24시 영업 여부': 'Y'}"
SK에너지,한신주유소,서울 노원구 동일로 1089 (공릉동),노원구,"{'고급휘발유': '1,980원', '보통휘발유': '1,730원', '경유': '1,620원', '실내등유': '1,700원'}","{'세차장 여부': 'Y', '충전소 여부': 'N', '경정비 여부': 'N', '편의점 여부': 'N', '24시 영업 여부': 'N'}"
GS칼텍스,월계주유소,서울 노원구 월계로 252,노원구,"{'고급휘발유': '1,994원', '보통휘발유': '1,819원', '경유': '1,679원'}","{'세차장 여부': 'Y', '충전소 여부': 'N', '경정비 여부': 'N', '편의점 여부': 'N', '24시 영업 여부': 'N'}"
GS칼텍스,이엠석유(주)배꽃나라주유소,서울 노원구 화랑로 466 (공릉1동),노원구,"{'고급휘발유': '1,995원', '보통휘발유': '1,675원', '경유': '1,545원'}","{'세차장 여부': 'Y', '충전소 여부': 'N', '경정비 여부': 'Y', '편의점 여부': 'N', '24시 영업 여부': 'N'}"
GS칼텍스,성북역주유소,서울특별시 노원구 광운로 95 (월계1동),노원구,"{'고급휘발유': '2,058원', '보통휘발유': '1,828원', '경유': '1,698원'}","{'세차장 여부': 'Y', '충전소 여부': 'N', '경정비 여부': 'N', '편의점 여부': 'N', '24시 영업 여부': 'N'}"
HD현대오일뱅크,화랑대주유소,서울 노원구 화랑로 483,노원구,"{'고급휘발유': '2,070원', '보통휘발유': '1,675원', '경유': '1,545원', '실내등유': '1,600원'}","{'세차장 여부': 'Y', '충전소 여부': 'N', '경정비 여부': 'N', '편의점 여부': 'N', '24시 영업 여부': 'Y'}"
SK에너지,삼육주유소,서울 노원구 화랑로 822 (공릉동),노원구,"{'보통휘발유': '1,725원', '경유': '1,595원', '실내등유': '1,400원'}","{'세차장 여부': 'Y', '충전소 여부': 'N', '경정비 여부': 'N', '편의점 여부': 'N', '24시 영업 여부': 'N'}"
S-OIL,구도일주유소 불암,서울 노원구 한글비석로 268 (중계동),노원구,"{'보통휘발유': '1,729원', '경유': '1,609원'}","{'세차장 여부': 'Y', '충전소 여부': 'N', '경정비 여부': 'N', '편의점 여부': 'N', '24시 영업 여부': 'N'}"
SK에너지,SK에너지㈜직영 상계주유소,서울 노원구 노해로 527 (상계동),노원구,"{'보통휘발유': '1,749원', '경유': '1,619원'}","{'세차장 여부': 'Y', '충전소 여부': 'N', '경정비 여부': 'N', '편의점 여부': 'N', '24시 영업 여부': 'N'}"
HD현대오일뱅크,상계동주유소,서울 노원구 노원로26길 191 (상계동),노원구,"{'보통휘발유': '1,795원', '경유': '1,670원', '실내등유': '1,570원'}","{'세차장 여부': 'N', '충전소 여부': 'N', '경정비 여부': 'Y', '편의점 여부': 'N', '24시 영업 여부': 'N'}"
GS칼텍스,(주)소모 수락산셀프주유소,서울 노원구 동일로 1772,노원구,"{'보통휘발유': '1,798원', '경유': '1,688원', '실내등유': '1,600원'}","{'세차장 여부': 'N', '충전소 여부': 'N', '경정비 여부': 'N', '편의점 여부': 'N', '24시 영업 여부': 'N'}"
S-OIL,신성주유소,서울 노원구 월계로 328 (월계동),노원구,"{'보통휘발유': '1,818원', '경유': '1,698원'}","{'세차장 여부': 'Y', '충전소 여부': 'N', '경정비 여부': 'N', '편의점 여부': 'N', '24시 영업 여부': 'Y'}"
GS칼텍스,하계삼호주유소,서울 노원구 공릉로 294 (하계동),노원구,"{'보통휘발유': '1,875원', '경유': '1,745원'}","{'세차장 여부': 'N', '충전소 여부': 'N', '경정비 여부': 'N', '편의점 여부': 'N', '24시 영업 여부': 'N'}"
S-OIL,한이에너지(주) 쌍문주유소,서울 도봉구 도봉로 547 (쌍문동),도봉구,"{'고급휘발유': '1,905원', '보통휘발유': '1,649원', '경유': '1,509원'}","{'세차장 여부': 'Y', '충전소 여부': 'N', '경정비 여부': 'Y', '편의점 여부': 'N', '24시 영업 여부': 'Y'}"
GS칼텍스,지에스칼텍스㈜ 방학동주유소,서울 도봉구 방학로 186,도봉구,"{'고급휘발유': '1,905원', '보통휘발유': '1,651원', '경유': '1,515원', '실내등유': '1,450원'}","{'세차장 여부': 'Y', '충전소 여부': 'N', '경정비 여부': 'N', '편의점 여부': 'N', '24시 영업 여부': 'N'}"
HD현대오일뱅크,(주)자연에너지 햇살주유소,서울 도봉구 방학로 142 (방학동),도봉구,"{'고급휘발유': '1,905원', '보통휘발유': '1,649원', '경유': '1,509원'}","{'세차장 여부': 'Y', '충전소 여부': 'N', '경정비 여부': 'N', '편의점 여부': 'N', '24시 영업 여부': 'N'}"
HD현대오일뱅크,HD현대오일뱅크㈜직영 영신주유소,서울 도봉구 방학로 151,도봉구,"{'고급휘발유': '2,107원', '보통휘발유': '1,797원', '경유': '1,667원', '실내등유': '1,440원'}","{'세차장 여부': 'Y', '충전소 여부': 'N', '경정비 여부': 'N', '편의점 여부': 'N', '24시 영업 여부': 'N'}"
S-OIL,오복주유소,서울 도봉구 방학로 43,도봉구,"{'고급휘발유': '2,300원', '보통휘발유': '1,775원', '경유': '1,635원', '실내등유': '1,700원'}","{'세차장 여부': 'Y', '충전소 여부': 'N', '경정비 여부': 'N', '편의점 여부': 'N', '24시 영업 여부': 'N'}"
HD현대오일뱅크,요한주유소,서울 도봉구 마들로 776,도봉구,"{'보통휘발유': '1,647원', '경유': '1,507원'}","{'세차장 여부': 'Y', '충전소 여부': 'N', '경정비 여부': 'N', '편의점 여부': 'N', '24시 영업 여부': 'N'}"
HD현대오일뱅크,이케이에너지 주식회사,서울 도봉구 도봉로 941 (도봉동),도봉구,"{'보통휘발유': '1,647원', '경유': '1,507원'}","{'세차장 여부': 'Y', '충전소 여부': 'N', '경정비 여부': 'N', '편의점 여부': 'N', '24시 영업 여부': 'N'}"
HD현대오일뱅크,도봉제일주유소(주)송만에너지,서울 도봉구 도봉로 783 (도봉동),도봉구,"{'보통휘발유': '1,649원', '경유': '1,509원', '실내등유': '1,390원'}","{'세차장 여부': 'N', '충전소 여부': 'N', '경정비 여부': 'N', '편의점 여부': 'N', '24시 영업 여부': 'N'}"
S-OIL,(주)헨지스에너지 구도일주유소 도봉,서울 도봉구 도봉로 706 (방학동),도봉구,"{'보통휘발유': '1,655원', '경유': '1,515원'}","{'세차장 여부': 'Y', '충전소 여부': 'N', '경정비 여부': 'Y', '편의점 여부': 'N', '24시 영업 여부': 'N'}"
SK에너지,삼미북부셀프주유소,서울 도봉구 도봉로 437 (쌍문동),도봉구,"{'보통휘발유': '1,661원', '경유': '1,525원'}","{'세차장 여부': 'Y', '충전소 여부': 'N', '경정비 여부': 'N', '편의점 여부': 'N', '24시 영업 여부': 'Y'}"
GS칼텍스,대성산업(주)신창주유소,서울 도봉구 덕릉로 267 (창동),도봉구,"{'보통휘발유': '1,675원', '경유': '1,535원'}","{'세차장 여부': 'Y', '충전소 여부': 'N', '경정비 여부': 'N', '편의점 여부': 'N', '24시 영업 여부': 'Y'}"
S-OIL,극동유화(주) 대안주유소,서울 도봉구 마들로 574 (창동),도봉구,"{'보통휘발유': '1,675원', '경유': '1,515원'}","{'세차장 여부': 'Y', '충전소 여부': 'N', '경정비 여부': 'Y', '편의점 여부': 'N', '24시 영업 여부': 'N'}"
S-OIL,구도일주유소 파크빌,서울 도봉구 해등로3길 86 (창동),도봉구,"{'보통휘발유': '1,675원', '경유': '1,545원', '실내등유': '1,480원'}","{'세차장 여부': 'N', '충전소 여부': 'N', '경정비 여부': 'N', '편의점 여부': 'N', '24시 영업 여부': 'N'}"
SK에너지,동서울고속주유소,서울 동대문구 한천로 414,동대문구,"{'고급휘발유': '1,879원', '보통휘발유': '1,745원', '경유': '1,595원'}","{'세차장 여부': 'N', '충전소 여부': 'N', '경정비 여부': 'N', '편의점 여부': 'N', '24시 영업 여부': 'N'}"
HD현대오일뱅크,재정주유소,서울 동대문구 전농로 121,동대문구,"{'고급휘발유': '1,889원', '보통휘발유': '1,645원', '경유': '1,517원'}","{'세차장 여부': 'Y', '충전소 여부': 'N', '경정비 여부': 'N', '편의점 여부': 'N', '24시 영업 여부': 'N'}"
HD현대오일뱅크,(주)자연에너지 국민주유소,서울 동대문구 답십리로 223 (답십리동),동대문구,"{'고급휘발유': '1,889원', '보통휘발유': '1,635원', '경유': '1,507원'}","{'세차장 여부': 'N', '충전소 여부': 'N', '경정비 여부': 'N', '편의점 여부': 'N', '24시 영업 여부': 'N'}"
GS칼텍스,대성산업(주)동마장주유소,서울 동대문구 고산자로 405 (용두동),동대문구,"{'고급휘발유': '1,895원', '보통휘발유': '1,685원', '경유': '1,555원'}","{'세차장 여부': 'Y', '충전소 여부': 'N', '경정비 여부': 'Y', '편의점 여부': 'N', '24시 영업 여부': 'Y'}"
HD현대오일뱅크,HD현대오일뱅크㈜직영 스피드주유소,서울 동대문구 천호대로 453 (장안동),동대문구,"{'고급휘발유': '1,915원', '보통휘발유': '1,759원', '경유': '1,629원'}","{'세차장 여부': 'Y', '충전소 여부': 'N', '경정비 여부': 'N', '편의점 여부': 'N', '24시 영업 여부': 'Y'}"
HD현대오일뱅크,재정제2주유소,서울 동대문구 사가정로 90 (전농동),동대문구,"{'보통휘발유': '1,645원', '경유': '1,517원'}","{'세차장 여부': 'Y', '충전소 여부': 'N', '경정비 여부': 'N', '편의점 여부': 'N', '24시 영업 여부': 'N'}"
HD현대오일뱅크,(주)정건에너지 배봉로지점,서울 동대문구 서울시립대로 108,동대문구,"{'보통휘발유': '1,645원', '경유': '1,517원', '실내등유': '1,450원'}","{'세차장 여부': 'Y', '충전소 여부': 'N', '경정비 여부': 'N', '편의점 여부': 'N', '24시 영업 여부': 'N'}"
SK에너지,풍한주유소,서울 동대문구 안암로 168,동대문구,"{'보통휘발유': '1,655원', '경유': '1,525원'}","{'세차장 여부': 'Y', '충전소 여부': 'N', '경정비 여부': 'N', '편의점 여부': 'N', '24시 영업 여부': 'Y'}"
SK에너지,(주)안국에너지 삼원셀프주유소,서울 동대문구 망우로 90 (휘경동),동대문구,"{'보통휘발유': '1,728원', '경유': '1,588원', '실내등유': '1,540원'}","{'세차장 여부': 'Y', '충전소 여부': 'N', '경정비 여부': 'N', '편의점 여부': 'N', '24시 영업 여부': 'N'}"
SK에너지,삼미상사(주)장안킹셀프주유소,서울 동대문구 한천로 100 (장안동),동대문구,"{'보통휘발유': '1,749원', '경유': '1,609원'}","{'세차장 여부': 'Y', '충전소 여부': 'N', '경정비 여부': 'N', '편의점 여부': 'N', '24시 영업 여부': 'N'}"
S-OIL,홍능주유소,서울 동대문구 홍릉로 87,동대문구,"{'보통휘발유': '1,755원', '경유': '1,615원', '실내등유': '1,500원'}","{'세차장 여부': 'Y', '충전소 여부': 'N', '경정비 여부': 'N', '편의점 여부': 'N', '24시 영업 여부': 'N'}"
SK에너지,삼영주유소,서울 동대문구 답십리로 258 (장안동),동대문구,"{'보통휘발유': '1,755원', '경유': '1,615원', '실내등유': '1,700원'}","{'세차장 여부': 'Y', '충전소 여부': 'N', '경정비 여부': 'N', '편의점 여부': 'N', '24시 영업 여부': 'N'}"
S-OIL,열린주유소,서울 동대문구 한천로 263 (휘경동),동대문구,"{'보통휘발유': '1,779원', '경유': '1,629원'}","{'세차장 여부': 'N', '충전소 여부': 'N', '경정비 여부': 'N', '편의점 여부': 'N', '24시 영업 여부': 'N'}"
HD현대오일뱅크,한영주유소 (한화),서울 동대문구 망우로 38 (휘경동),동대문구,"{'보통휘발유': '1,797원', '경유': '1,698원'}","{'세차장 여부': 'N', '충전소 여부': 'N', '경정비 여부': 'N', '편의점 여부': 'N', '24시 영업 여부': 'N'}"
S-OIL,오동나무주유소,서울 동대문구 한천로 81,동대문구,"{'보통휘발유': '1,798원', '경유': '1,658원', '실내등유': '1,600원'}","{'세차장 여부': 'N', '충전소 여부': 'N', '경정비 여부': 'N', '편의점 여부': 'N', '24시 영업 여부': 'N'}"
GS칼텍스,지에스칼텍스(주) 대방주유소,서울 동작구 여의대방로 214,동작구,"{'고급휘발유': '1,879원', '보통휘발유': '1,679원', '경유': '1,559원', '실내등유': '1,450원'}","{'세차장 여부': 'N', '충전소 여부': 'N', '경정비 여부': 'N', '편의점 여부': 'N', '24시 영업 여부': 'N'}"
HD현대오일뱅크,주식회사 새서울글로벌,서울 동작구 시흥대로 616 (신대방동),동작구,"{'고급휘발유': '1,895원', '보통휘발유': '1,658원', '경유': '1,518원'}","{'세차장 여부': 'Y', '충전소 여부': 'N', '경정비 여부': 'N', '편의점 여부': 'N', '24시 영업 여부': 'Y'}"
HD현대오일뱅크,HD현대오일뱅크㈜직영 흑석동셀프주유소,서울 동작구 현충로 101 (흑석동),동작구,"{'고급휘발유': '1,899원', '보통휘발유': '1,764원', '경유': '1,649원'}","{'세차장 여부': 'Y', '충전소 여부': 'N', '경정비 여부': 'N', '편의점 여부': 'N', '24시 영업 여부': 'Y'}"
GS칼텍스,지에스칼텍스㈜직영 남성주유소,서울 동작구 동작대로 135,동작구,"{'고급휘발유': '1,925원', '보통휘발유': '1,725원', '경유': '1,615원'}","{'세차장 여부': 'N', '충전소 여부': 'N', '경정비 여부': 'N', '편의점 여부': 'N', '24시 영업 여부': 'Y'}"
HD현대오일뱅크,HD현대오일뱅크㈜직영 동작주유소,서울 동작구 상도로 403 (상도동),동작구,"{'고급휘발유': '1,934원', '보통휘발유': '1,754원', '경유': '1,639원'}","{'세차장 여부': 'Y', '충전소 여부': 'N', '경정비 여부': 'N', '편의점 여부': 'N', '24시 영업 여부': 'N'}"
HD현대오일뱅크,HD현대오일뱅크㈜직영 사당셀프주유소,서울 동작구 동작대로 73 (사당동),동작구,"{'고급휘발유': '2,029원', '보통휘발유': '1,724원', '경유': '1,619원'}","{'세차장 여부': 'Y', '충전소 여부': 'N', '경정비 여부': 'N', '편의점 여부': 'N', '24시 영업 여부': 'Y'}"
HD현대오일뱅크,창원이엔지주유소,서울 동작구 사당로 59 (상도동),동작구,"{'보통휘발유': '1,689원', '경유': '1,579원'}","{'세차장 여부': 'Y', '충전소 여부': 'N', '경정비 여부': 'N', '편의점 여부': 'N', '24시 영업 여부': 'N'}"
S-OIL,매일주유소,서울 동작구 상도로 139 (상도동),동작구,"{'보통휘발유': '1,799원', '경유': '1,679원', '실내등유': '1,650원'}","{'세차장 여부': 'Y', '충전소 여부': 'N', '경정비 여부': 'N', '편의점 여부': 'N', '24시 영업 여부': 'N'}"
SK에너지,살피재주유소,서울 동작구 상도로 334,동작구,"{'보통휘발유': '1,895원', '경유': '1,785원'}","{'세차장 여부': 'N', '충전소 여부': 'N', '경정비 여부': 'N', '편의점 여부': 'N', '24시 영업 여부': 'N'}"
S-OIL,(주)타이거통상 월드컵주유소,서울 마포구 월드컵북로 170 (성산제2동),마포구,"{'고급휘발유': '1,889원', '보통휘발유': '1,659원', '경유': '1,539원'}","{'세차장 여부': 'N', '충전소 여부': 'N', '경정비 여부': 'N', '편의점 여부': 'N', '24시 영업 여부': 'N'}"
SK에너지,SK에너지(주) 안국주유소,서울 마포구 양화로 33,마포구,"{'고급휘발유': '1,929원', '보통휘발유': '1,819원', '경유': '1,719원'}","{'세차장 여부': 'N', '충전소 여부': 'N', '경정비 여부': 'N', '편의점 여부': 'N', '24시 영업 여부': 'Y'}"
SK에너지,SK에너지 양지주유소,서울 마포구 마포대로 69 (도화동),마포구,"{'고급휘발유': '1,929원', '보통휘발유': '1,815원', '경유': '1,715원'}","{'세차장 여부': 'N', '충전소 여부': 'N', '경정비 여부': 'N', '편의점 여부': 'Y', '24시 영업 여부': 'Y'}"
S-OIL,마포주유소,서울 마포구 마포대로 186,마포구,"{'고급휘발유': '1,942원', '보통휘발유': '1,792원', '경유': '1,682원'}","{'세차장 여부': 'Y', '충전소 여부': 'N', '경정비 여부': 'N', '편의점 여부': 'N', '24시 영업 여부': 'N'}"
HD현대오일뱅크,청원주유소,서울 마포구 월드컵북로 113 (성산동),마포구,"{'고급휘발유': '1,978원', '보통휘발유': '1,659원', '경유': '1,569원'}","{'세차장 여부': 'Y', '충전소 여부': 'N', '경정비 여부': 'N', '편의점 여부': 'N', '24시 영업 여부': 'N'}"
HD현대오일뱅크,에스에스오토셀프,서울 마포구 서강로 76 (창전동),마포구,"{'고급휘발유': '2,098원', '보통휘발유': '1,799원', '경유': '1,689원'}","{'세차장 여부': 'Y', '충전소 여부': 'N', '경정비 여부': 'N', '편의점 여부': 'N', '24시 영업 여부': 'Y'}"
SK에너지,(주)만성상사 대흥주유소,서울 마포구 대흥로 61 (대흥동),마포구,"{'고급휘발유': '2,199원', '보통휘발유': '1,799원', '경유': '1,689원', '실내등유': '1,745원'}","{'세차장 여부': 'Y', '충전소 여부': 'N', '경정비 여부': 'N', '편의점 여부': 'N', '24시 영업 여부': 'Y'}"
HD현대오일뱅크,성산대교셀프주유소,서울 마포구 성산로 144,마포구,"{'보통휘발유': '1,659원', '경유': '1,569원', '실내등유': '1,649원'}","{'세차장 여부': 'Y', '충전소 여부': 'N', '경정비 여부': 'Y', '편의점 여부': 'N', '24시 영업 여부': 'N'}"
SK에너지,마포시엠주유소,서울 마포구 월드컵북로 62,마포구,"{'보통휘발유': '1,659원', '경유': '1,539원'}","{'세차장 여부': 'N', '충전소 여부': 'N', '경정비 여부': 'N', '편의점 여부': 'N', '24시 영업 여부': 'N'}"
SK에너지,(주)안국에너지 망원동주유소,서울 마포구 월드컵로 119 (망원동),마포구,"{'보통휘발유': '1,758원', '경유': '1,628원'}","{'세차장 여부': 'Y', '충전소 여부': 'N', '경정비 여부': 'N', '편의점 여부': 'N', '24시 영업 여부': 'N'}"
S-OIL,에쓰오일(주) 염리동주유소,서울 마포구 백범로 126 (염리동),마포구,"{'보통휘발유': '1,779원', '경유': '1,669원'}","{'세차장 여부': 'Y', '충전소 여부': 'N', '경정비 여부': 'N', '편의점 여부': 'N', '24시 영업 여부': 'N'}"
S-OIL,용강주유소,서울 마포구 토정로 258,마포구,"{'보통휘발유': '1,779원', '경유': '1,669원', '실내등유': '1,650원'}","{'세차장 여부': 'N', '충전소 여부': 'N', '경정비 여부': 'N', '편의점 여부': 'N', '24시 영업 여부': 'N'}"
SK에너지,(주)안국에너지 삼보셀프주유소,서울 서대문구 연희로 78 (연희동),서대문구,"{'고급휘발유': '1,898원', '보통휘발유': '1,698원', '경유': '1,579원'}","{'세차장 여부': 'Y', '충전소 여부': 'N', '경정비 여부': 'Y', '편의점 여부': 'N', '24시 영업 여부': 'N'}"
GS칼텍스,지에스칼텍스(주)홍제동주유소,서울 서대문구 통일로 372,서대문구,"{'고급휘발유': '1,915원', '보통휘발유': '1,665원', '경유': '1,549원'}","{'세차장 여부': 'Y', '충전소 여부': 'N', '경정비 여부': 'N', '편의점 여부': 'N', '24시 영업 여부': 'N'}"
HD현대오일뱅크,HD현대오일뱅크㈜직영 연세주유소,서울 서대문구 연희로 184,서대문구,"{'고급휘발유': '1,927원', '보통휘발유': '1,674원', '경유': '1,589원'}","{'세차장 여부': 'Y', '충전소 여부': 'N', '경정비 여부': 'N', '편의점 여부': 'N', '24시 영업 여부': 'N'}"
S-OIL,㈜한화미 구도일주유소 두꺼비,서울 서대문구 성산로 312,서대문구,"{'고급휘발유': '1,929원', '보통휘발유': '1,679원', '경유': '1,579원'}","{'세차장 여부': 'Y', '충전소 여부': 'N', '경정비 여부': 'Y', '편의점 여부': 'N', '24시 영업 여부': 'N'}"
SK에너지,행촌제2주유소,서울 서대문구 성산로 490 (대신동),서대문구,"{'고급휘발유': '1,947원', '보통휘발유': '1,728원', '경유': '1,579원'}","{'세차장 여부': 'Y', '충전소 여부': 'N', '경정비 여부': 'N', '편의점 여부': 'Y', '24시 영업 여부': 'Y'}"
SK에너지,연희주유소,서울 서대문구 연희로 129 (연희동 89-7번지),서대문구,"{'고급휘발유': '1,995원', '보통휘발유': '1,745원', '경유': '1,635원'}","{'세차장 여부': 'Y', '충전소 여부': 'N', '경정비 여부': 'N', '편의점 여부': 'Y', '24시 영업 여부': 'N'}"
SK에너지,중앙에너비스 동교지점,서울 서대문구 연희로 12 (창천동),서대문구,"{'고급휘발유': '1,998원', '보통휘발유': '1,718원', '경유': '1,598원'}","{'세차장 여부': 'N', '충전소 여부': 'N', '경정비 여부': 'N', '편의점 여부': 'Y', '24시 영업 여부': 'N'}"
HD현대오일뱅크,(주)창원이엔지 홍제지점,서울 서대문구 통일로 455 (홍제동),서대문구,"{'보통휘발유': '1,665원', '경유': '1,549원', '실내등유': '1,800원'}","{'세차장 여부': 'N', '충전소 여부': 'N', '경정비 여부': 'N', '편의점 여부': 'N', '24시 영업 여부': 'N'}"
HD현대오일뱅크,(주)가재울뉴타운주유소,서울 서대문구 모래내로 205,서대문구,"{'보통휘발유': '1,669원', '경유': '1,549원'}","{'세차장 여부': 'N', '충전소 여부': 'N', '경정비 여부': 'N', '편의점 여부': 'Y', '24시 영업 여부': 'N'}"
S-OIL,(주)미래아스팔트 신우주유소,서울 서대문구 가좌로 106(홍은동),서대문구,"{'보통휘발유': '1,669원', '경유': '1,559원'}","{'세차장 여부': 'Y', '충전소 여부': 'N', '경정비 여부': 'Y', '편의점 여부': 'N', '24시 영업 여부': 'N'}"
GS칼텍스,남정주유소,서울 서대문구 모래내로 243 (남가좌동),서대문구,"{'보통휘발유': '1,688원', '경유': '1,568원'}","{'세차장 여부': 'N', '충전소 여부': 'N', '경정비 여부': 'N', '편의점 여부': 'N', '24시 영업 여부': 'N'}"
S-OIL,㈜우남에너지 문화사랑주유소,서울 서대문구 세검정로 87,서대문구,"{'보통휘발유': '1,739원', '경유': '1,659원', '실내등유': '1,650원'}","{'세차장 여부': 'Y', '충전소 여부': 'N', '경정비 여부': 'N', '편의점 여부': 'N', '24시 영업 여부': 'N'}"
SK에너지,광호주유소,서울 서대문구 연희로 266 (홍은동),서대문구,"{'보통휘발유': '1,745원', '경유': '1,635원'}","{'세차장 여부': 'Y', '충전소 여부': 'N', '경정비 여부': 'N', '편의점 여부': 'N', '24시 영업 여부': 'N'}"
S-OIL,씨앤에스유통㈜ 내곡드림주유소,서울 서초구 헌릉로 177 (내곡동),서초구,"{'고급휘발유': '1,885원', '보통휘발유': '1,685원', '경유': '1,565원', '실내등유': '1,580원'}","{'세차장 여부': 'Y', '충전소 여부': 'N', '경정비 여부': 'N', '편의점 여부': 'N', '24시 영업 여부': 'N'}"
HD현대오일뱅크,HD현대오일뱅크㈜직영 팔레스주유소,서울 서초구 사평대로 136 (반포동),서초구,"{'고급휘발유': '1,894원', '보통휘발유': '1,755원', '경유': '1,656원'}","{'세차장 여부': 'N', '충전소 여부': 'N', '경정비 여부': 'N', '편의점 여부': 'N', '24시 영업 여부': 'Y'}"
GS칼텍스,에너지 플러스 허브 내곡,서울 서초구 헌릉로 210,서초구,"{'고급휘발유': '1,899원', '보통휘발유': '1,699원', '경유': '1,569원'}","{'세차장 여부': 'Y', '충전소 여부': 'Y', '경정비 여부': 'N', '편의점 여부': 'N', '24시 영업 여부': 'Y'}"
GS칼텍스,말죽거리주유소,서울 서초구 남부순환로 2650,서초구,"{'고급휘발유': '1,899원', '보통휘발유': '1,736원', '경유': '1,636원'}","{'세차장 여부': 'N', '충전소 여부': 'N', '경정비 여부': 'N', '편의점 여부': 'N', '24시 영업 여부': 'N'}"
SK에너지,양재주유소,서울 서초구 바우뫼로 178,서초구,"{'고급휘발유': '1,914원', '보통휘발유': '1,756원', '경유': '1,654원'}","{'세차장 여부': 'Y', '충전소 여부': 'N', '경정비 여부': 'N', '편의점 여부': 'N', '24시 영업 여부': 'Y'}"
SK에너지,대신석유(주)대우주유소,서울 서초구 양재대로 173 (양재동),서초구,"{'고급휘발유': '1,917원', '보통휘발유': '1,777원', '경유': '1,677원'}","{'세차장 여부': 'Y', '충전소 여부': 'N', '경정비 여부': 'N', '편의점 여부': 'Y', '24시 영업 여부': 'Y'}"
HD현대오일뱅크,HD현대오일뱅크㈜직영 사평로주유소,서울 서초구 사평대로 350 (서초동),서초구,"{'고급휘발유': '1,919원', '보통휘발유': '1,738원', '경유': '1,669원'}","{'세차장 여부': 'Y', '충전소 여부': 'N', '경정비 여부': 'N', '편의점 여부': 'N', '24시 영업 여부': 'N'}"
GS칼텍스,지에스칼텍스(주)선천주유소,서울 서초구 동작대로 206 (방배동),서초구,"{'고급휘발유': '1,925원', '보통휘발유': '1,725원', '경유': '1,615원'}","{'세차장 여부': 'Y', '충전소 여부': 'N', '경정비 여부': 'N', '편의점 여부': 'N', '24시 영업 여부': 'N'}"
HD현대오일뱅크,HD현대오일뱅크㈜직영 방배현대주유소,서울 서초구 동작대로 182 (방배동),서초구,"{'고급휘발유': '1,928원', '보통휘발유': '1,773원', '경유': '1,653원', '실내등유': '1,620원'}","{'세차장 여부': 'Y', '충전소 여부': 'N', '경정비 여부': 'Y', '편의점 여부': 'N', '24시 영업 여부': 'N'}"
HD현대오일뱅크,HD현대오일뱅크㈜직영 양재현대주유소,서울 서초구 마방로 6,서초구,"{'고급휘발유': '1,934원', '보통휘발유': '1,776원', '경유': '1,674원', '실내등유': '1,570원'}","{'세차장 여부': 'Y', '충전소 여부': 'N', '경정비 여부': 'N', '편의점 여부': 'N', '24시 영업 여부': 'N'}"
GS칼텍스,대성산업(주)직영 강남주유소,서울 서초구 반포대로 284 (반포동),서초구,"{'고급휘발유': '1,935원', '보통휘발유': '1,735원', '경유': '1,635원'}","{'세차장 여부': 'N', '충전소 여부': 'N', '경정비 여부': 'N', '편의점 여부': 'N', '24시 영업 여부': 'N'}"
GS칼텍스,반포그린주유소,서울 서초구 서초중앙로 239,서초구,"{'고급휘발유': '1,938원', '보통휘발유': '1,738원', '경유': '1,669원'}","{'세차장 여부': 'Y', '충전소 여부': 'N', '경정비 여부': 'N', '편의점 여부': 'N', '24시 영업 여부': 'N'}"
GS칼텍스,에너지플러스허브 삼방주유소,서울 서초구 사평대로 364 (서초동),서초구,"{'고급휘발유': '1,938원', '보통휘발유': '1,738원', '경유': '1,669원'}","{'세차장 여부': 'Y', '충전소 여부': 'N', '경정비 여부': 'N', '편의점 여부': 'N', '24시 영업 여부': 'Y'}"
GS칼텍스,(주)한미석유 서초주유소,서울 서초구 반포대로 64 (서초동),서초구,"{'고급휘발유': '1,945원', '보통휘발유': '1,725원', '경유': '1,595원'}","{'세차장 여부': 'N', '충전소 여부': 'N', '경정비 여부': 'N', '편의점 여부': 'N', '24시 영업 여부': 'N'}"
S-OIL,극동유화(주) 전당앞주유소,서울 서초구 남부순환로 2391 (서초동),서초구,"{'고급휘발유': '1,955원', '보통휘발유': '1,735원', '경유': '1,575원'}","{'세차장 여부': 'Y', '충전소 여부': 'Y', '경정비 여부': 'Y', '편의점 여부': 'N', '24시 영업 여부': 'N'}"
GS칼텍스,서초꽃마을주유소,서울 서초구 반포대로 69 (서초동),서초구,"{'고급휘발유': '1,955원', '보통휘발유': '1,735원', '경유': '1,605원'}","{'세차장 여부': 'N', '충전소 여부': 'N', '경정비 여부': 'N', '편의점 여부': 'N', '24시 영업 여부': 'N'}"
GS칼텍스,대성석유(주)연일주유소,서울 서초구 남부순환로 2451,서초구,"{'고급휘발유': '1,956원', '보통휘발유': '1,739원', '경유': '1,625원', '실내등유': '1,600원'}","{'세차장 여부': 'Y', '충전소 여부': 'N', '경정비 여부': 'N', '편의점 여부': 'Y', '24시 영업 여부': 'N'}"
HD현대오일뱅크,HD현대오일뱅크㈜직영 서초제일주유소,서울 서초구 사임당로 116,서초구,"{'고급휘발유': '1,959원', '보통휘발유': '1,782원', '경유': '1,678원'}","{'세차장 여부': 'Y', '충전소 여부': 'N', '경정비 여부': 'N', '편의점 여부': 'N', '24시 영업 여부': 'N'}"
GS칼텍스,대성산업(주)직영 터미널(고속)주유소,서울 서초구 신반포로 222 (반포동),서초구,"{'고급휘발유': '1,965원', '보통휘발유': '1,765원', '경유': '1,665원', '실내등유': '1,650원'}","{'세차장 여부': 'Y', '충전소 여부': 'N', '경정비 여부': 'N', '편의점 여부': 'N', '24시 영업 여부': 'Y'}"
S-OIL,에쓰오일(주)직영 오토테크주유소,서울특별시 서초구 효령로 356 (서초동),서초구,"{'고급휘발유': '1,966원', '보통휘발유': '1,746원', '경유': '1,655원'}","{'세차장 여부': 'Y', '충전소 여부': 'N', '경정비 여부': 'Y', '편의점 여부': 'N', '24시 영업 여부': 'N'}"
S-OIL,서초우면산주유소,서울 서초구 양재대로2길 100-30,서초구,"{'고급휘발유': '1,978원', '보통휘발유': '1,778원', '경유': '1,642원'}","{'세차장 여부': 'Y', '충전소 여부': 'N', '경정비 여부': 'N', '편의점 여부': 'N', '24시 영업 여부': 'N'}"
SK에너지,신반포주유소,서울 서초구 사평대로 94 (반포동),서초구,"{'고급휘발유': '1,980원', '보통휘발유': '1,735원', '경유': '1,645원'}","{'세차장 여부': 'Y', '충전소 여부': 'N', '경정비 여부': 'N', '편의점 여부': 'N', '24시 영업 여부': 'Y'}"
GS칼텍스,한독주유소,서울 서초구 방배로 218 (방배동),서초구,"{'고급휘발유': '1,980원', '보통휘발유': '1,735원', '경유': '1,645원'}","{'세차장 여부': 'N', '충전소 여부': 'N', '경정비 여부': 'N', '편의점 여부': 'N', '24시 영업 여부': 'N'}"
GS칼텍스,지에스칼텍스(주)남서울주유소,서울 서초구 나루터로 83 (잠원동),서초구,"{'고급휘발유': '2,020원', '보통휘발유': '1,820원', '경유': '1,789원'}","{'세차장 여부': 'Y', '충전소 여부': 'N', '경정비 여부': 'N', '편의점 여부': 'Y', '24시 영업 여부': 'Y'}"
SK에너지,대신석유㈜서원주유소,서울 서초구 반포대로 142 (서초동),서초구,"{'고급휘발유': '2,168원', '보통휘발유': '2,068원', '경유': '1,968원'}","{'세차장 여부': 'Y', '충전소 여부': 'N', '경정비 여부': 'N', '편의점 여부': 'N', '24시 영업 여부': 'N'}"
HD현대오일뱅크,(주)선문에너지 중앙주유소,서울특별시 서초구 바우뫼로 219 (양재1동),서초구,"{'고급휘발유': '2,468원', '보통휘발유': '2,258원', '경유': '1,998원', '실내등유': '1,780원'}","{'세차장 여부': 'Y', '충전소 여부': 'N', '경정비 여부': 'N', '편의점 여부': 'N', '24시 영업 여부': 'N'}"
알뜰(ex),만남의광장주유소,서울 서초구 양재대로12길 73-71,서초구,"{'보통휘발유': '1,659원', '경유': '1,524원'}","{'세차장 여부': 'N', '충전소 여부': 'Y', '경정비 여부': 'N', '편의점 여부': 'Y', '24시 영업 여부': 'Y'}"
SK에너지,(주)대농석유 남태령주유소,서울 서초구 과천대로 838 (방배동),서초구,"{'보통휘발유': '1,675원', '경유': '1,575원'}","{'세차장 여부': 'Y', '충전소 여부': 'N', '경정비 여부': 'N', '편의점 여부': 'N', '24시 영업 여부': 'N'}"
S-OIL,양재최고주유소,서울 서초구 매헌로 72 (양재동),서초구,"{'보통휘발유': '1,714원', '경유': '1,584원'}","{'세차장 여부': 'Y', '충전소 여부': 'N', '경정비 여부': 'N', '편의점 여부': 'N', '24시 영업 여부': 'N'}"
SK에너지,태봉셀프주유소,서울 서초구 태봉로 117 (우면동),서초구,"{'보통휘발유': '1,743원', '경유': '1,637원'}","{'세차장 여부': 'Y', '충전소 여부': 'N', '경정비 여부': 'Y', '편의점 여부': 'N', '24시 영업 여부': 'N'}"
SK에너지,방배동주유소,서울 서초구 효령로 29,서초구,"{'보통휘발유': '1,893원', '경유': '1,796원'}","{'세차장 여부': 'Y', '충전소 여부': 'N', '경정비 여부': 'N', '편의점 여부': 'N', '24시 영업 여부': 'N'}"
SK에너지,SK에너지(주) 군자동주유소,서울특별시 성동구 천호대로 446 (용답동),성동구,"{'고급휘발유': '1,819원', '보통휘발유': '1,669원', '경유': '1,549원'}","{'세차장 여부': 'Y', '충전소 여부': 'N', '경정비 여부': 'N', '편의점 여부': 'N', '24시 영업 여부': 'Y'}"
HD현대오일뱅크,㈜성동에너지,서울 성동구 천호대로 392,성동구,"{'고급휘발유': '1,820원', '보통휘발유': '1,605원', '경유': '1,477원'}","{'세차장 여부': 'Y', '충전소 여부': 'N', '경정비 여부': 'N', '편의점 여부': 'N', '24시 영업 여부': 'N'}"
GS칼텍스,동일주유소,서울 성동구 광나루로 254 (성수동2가),성동구,"{'고급휘발유': '1,888원', '보통휘발유': '1,688원', '경유': '1,579원'}","{'세차장 여부': 'Y', '충전소 여부': 'N', '경정비 여부': 'Y', '편의점 여부': 'N', '24시 영업 여부': 'N'}"
S-OIL,아이콘주유소,서울 성동구 고산자로 273 (도선동),성동구,"{'고급휘발유': '1,898원', '보통휘발유': '1,708원', '경유': '1,578원'}","{'세차장 여부': 'Y', '충전소 여부': 'N', '경정비 여부': 'N', '편의점 여부': 'N', '24시 영업 여부': 'Y'}"
SK에너지,SK에너지(주) 성수주유소,서울 성동구 뚝섬로 352,성동구,"{'고급휘발유': '1,929원', '보통휘발유': '1,779원', '경유': '1,679원'}","{'세차장 여부': 'Y', '충전소 여부': 'N', '경정비 여부': 'N', '편의점 여부': 'N', '24시 영업 여부': 'N'}"
SK에너지,KH에너지㈜직영 성수만세주유소,서울 성동구 왕십리로 109,성동구,"{'고급휘발유': '1,933원', '보통휘발유': '1,683원', '경유': '1,573원'}","{'세차장 여부': 'Y', '충전소 여부': 'N', '경정비 여부': 'N', '편의점 여부': 'N', '24시 영업 여부': 'N'}"
GS칼텍스,지에스칼텍스㈜ 도루코주유소,서울 성동구 아차산로 180,성동구,"{'고급휘발유': '1,933원', '보통휘발유': '1,683원', '경유': '1,573원', '실내등유': '1,744원'}","{'세차장 여부': 'Y', '충전소 여부': 'N', '경정비 여부': 'Y', '편의점 여부': 'N', '24시 영업 여부': 'Y'}"
HD현대오일뱅크,HD현대오일뱅크㈜직영 성동셀프주유소,서울 성동구 마장로 311 (마장동),성동구,"{'고급휘발유': '1,945원', '보통휘발유': '1,757원', '경유': '1,597원'}","{'세차장 여부': 'Y', '충전소 여부': 'N', '경정비 여부': 'N', '편의점 여부': 'N', '24시 영업 여부': 'N'}"
HD현대오일뱅크,HD현대오일뱅크㈜직영 효진주유소,서울 성동구 동일로 129,성동구,"{'고급휘발유': '1,955원', '보통휘발유': '1,687원', '경유': '1,588원'}","{'세차장 여부': 'Y', '충전소 여부': 'N', '경정비 여부': 'N', '편의점 여부': 'N', '24시 영업 여부': 'Y'}"
SK에너지,SK세원2주유소,서울 성동구 광나루로 184,성동구,"{'고급휘발유': '2,060원', '보통휘발유': '1,798원', '경유': '1,680원'}","{'세차장 여부': 'Y', '충전소 여부': 'N', '경정비 여부': 'Y', '편의점 여부': 'N', '24시 영업 여부': 'N'}"
GS칼텍스,금호주유소,서울 성동구 금호로 39 (금호동4가),성동구,"{'고급휘발유': '2,235원', '보통휘발유': '1,995원', '경유': '1,863원', '실내등유': '1,700원'}","{'세차장 여부': 'Y', '충전소 여부': 'N', '경정비 여부': 'N', '편의점 여부': 'N', '24시 영업 여부': 'N'}"
GS칼텍스,(주)옥수하이웨이스테이션,서울 성동구 독서당로 168 (옥수동),성동구,"{'고급휘발유': '2,521원', '보통휘발유': '2,298원', '경유': '2,077원'}","{'세차장 여부': 'N', '충전소 여부': 'N', '경정비 여부': 'N', '편의점 여부': 'N', '24시 영업 여부': 'N'}"
S-OIL,(주)서울에너지 직영,서울 성동구 천호대로 324 (용답동),성동구,"{'보통휘발유': '1,605원', '경유': '1,477원'}","{'세차장 여부': 'Y', '충전소 여부': 'N', '경정비 여부': 'N', '편의점 여부': 'N', '24시 영업 여부': 'Y'}"
자가상표,정호주유소,서울 성동구 고산자로 307 (마장동),성동구,"{'보통휘발유': '1,668원', '경유': '1,558원'}","{'세차장 여부': 'N', '충전소 여부': 'N', '경정비 여부': 'N', '편의점 여부': 'N', '24시 영업 여부': 'N'}"
HD현대오일뱅크,KLP제2주유소,서울 성동구 동일로 249 (송정동),성동구,"{'보통휘발유': '1,675원', '경유': '1,545원'}","{'세차장 여부': 'N', '충전소 여부': 'N', '경정비 여부': 'N', '편의점 여부': 'N', '24시 영업 여부': 'N'}"
SK에너지,청계로주유소,서울 성동구 청계천로 454 (하왕십리동),성동구,"{'보통휘발유': '2,195원', '경유': '2,095원', '실내등유': '1,795원'}","{'세차장 여부': 'Y', '충전소 여부': 'N', '경정비 여부': 'N', '편의점 여부': 'N', '24시 영업 여부': 'N'}"
GS칼텍스,(주)삼표에너지 정릉주유소,서울 성북구 보국문로 35 (정릉동),성북구,"{'고급휘발유': '1,849원', '보통휘발유': '1,645원', '경유': '1,525원', '실내등유': '1,500원'}","{'세차장 여부': 'Y', '충전소 여부': 'N', '경정비 여부': 'Y', '편의점 여부': 'N', '24시 영업 여부': 'N'}"
HD현대오일뱅크,이케이에너지(주) 강산제2주유소,서울 성북구 보국문로 52,성북구,"{'고급휘발유': '1,849원', '보통휘발유': '1,645원', '경유': '1,525원'}","{'세차장 여부': 'Y', '충전소 여부': 'N', '경정비 여부': 'N', '편의점 여부': 'N', '24시 영업 여부': 'N'}"
SK에너지,SK에너지(주) 드림랜드주유소,서울 성북구 월계로 128 (장위동),성북구,"{'고급휘발유': '1,882원', '보통휘발유': '1,675원', '경유': '1,544원', '실내등유': '1,520원'}","{'세차장 여부': 'N', '충전소 여부': 'N', '경정비 여부': 'N', '편의점 여부': 'N', '24시 영업 여부': 'N'}"
HD현대오일뱅크,HD현대오일뱅크㈜직영 고대셀프주유소,서울 성북구 종암로 12 (종암동),성북구,"{'고급휘발유': '1,889원', '보통휘발유': '1,665원', '경유': '1,545원'}","{'세차장 여부': 'Y', '충전소 여부': 'N', '경정비 여부': 'N', '편의점 여부': 'N', '24시 영업 여부': 'N'}"
HD현대오일뱅크,HD현대오일뱅크㈜직영 북악셀프주유소,서울 성북구 정릉로 218 (정릉동),성북구,"{'고급휘발유': '1,889원', '보통휘발유': '1,665원', '경유': '1,545원'}","{'세차장 여부': 'Y', '충전소 여부': 'N', '경정비 여부': 'N', '편의점 여부': 'N', '24시 영업 여부': 'N'}"
GS칼텍스,지에스칼텍스(주) 종암주유소,서울 성북구 종암로 145 (종암동),성북구,"{'고급휘발유': '1,905원', '보통휘발유': '1,655원', '경유': '1,525원'}","{'세차장 여부': 'Y', '충전소 여부': 'N', '경정비 여부': 'N', '편의점 여부': 'N', '24시 영업 여부': 'Y'}"
S-OIL,㈜스마일에너지 신동방주유소,서울 성북구 월계로 84 (장위동),성북구,"{'고급휘발유': '1,915원', '보통휘발유': '1,645원', '경유': '1,525원'}","{'세차장 여부': 'N', '충전소 여부': 'N', '경정비 여부': 'N', '편의점 여부': 'N', '24시 영업 여부': 'N'}"
S-OIL,(주)신용 구도일주유소화랑로,서울 성북구 화랑로 174,성북구,"{'고급휘발유': '1,963원', '보통휘발유': '1,723원', '경유': '1,583원', '실내등유': '1,470원'}","{'세차장 여부': 'Y', '충전소 여부': 'N', '경정비 여부': 'Y', '편의점 여부': 'N', '24시 영업 여부': 'N'}"
GS칼텍스,㈜명연에너지 효성주유소,서울 성북구 화랑로 27,성북구,"{'고급휘발유': '1,985원', '보통휘발유': '1,695원', '경유': '1,565원'}","{'세차장 여부': 'Y', '충전소 여부': 'N', '경정비 여부': 'N', '편의점 여부': 'N', '24시 영업 여부': 'Y'}"
S-OIL,동일주유소,서울특별시 성북구 보문로 85 (보문동5가),성북구,"{'고급휘발유': '1,989원', '보통휘발유': '1,693원', '경유': '1,598원'}","{'세차장 여부': 'Y', '충전소 여부': 'N', '경정비 여부': 'N', '편의점 여부': 'N', '24시 영업 여부': 'N'}"
HD현대오일뱅크,HD현대오일뱅크㈜직영 아리랑주유소,서울 성북구 아리랑로 96,성북구,"{'고급휘발유': '2,015원', '보통휘발유': '1,785원', '경유': '1,655원'}","{'세차장 여부': 'Y', '충전소 여부': 'N', '경정비 여부': 'N', '편의점 여부': 'N', '24시 영업 여부': 'N'}"
S-OIL,삼선주유소,서울 성북구 창경궁로 324,성북구,"{'고급휘발유': '2,050원', '보통휘발유': '1,798원', '경유': '1,684원'}","{'세차장 여부': 'Y', '충전소 여부': 'N', '경정비 여부': 'N', '편의점 여부': 'N', '24시 영업 여부': 'N'}"
GS칼텍스,지에스칼텍스㈜ 세창주유소,서울 성북구 동소문로 323,성북구,"{'고급휘발유': '2,191원', '보통휘발유': '1,935원', '경유': '1,809원', '실내등유': '1,546원'}","{'세차장 여부': 'N', '충전소 여부': 'N', '경정비 여부': 'N', '편의점 여부': 'N', '24시 영업 여부': 'N'}"
GS칼텍스,㈜원천주유소,서울 성북구 돌곶이로 142,성북구,"{'보통휘발유': '1,643원', '경유': '1,523원'}","{'세차장 여부': 'N', '충전소 여부': 'N', '경정비 여부': 'N', '편의점 여부': 'N', '24시 영업 여부': 'N'}"
HD현대오일뱅크,(주)성북주유소,서울 성북구 보문로 142,성북구,"{'보통휘발유': '1,645원', '경유': '1,525원'}","{'세차장 여부': 'Y', '충전소 여부': 'N', '경정비 여부': 'N', '편의점 여부': 'N', '24시 영업 여부': 'N'}"
GS칼텍스,이케이에너지㈜ 강산주유소,서울 성북구 보문로 27 (보문동7가),성북구,"{'보통휘발유': '1,645원', '경유': '1,525원', '실내등유': '1,380원'}","{'세차장 여부': 'Y', '충전소 여부': 'N', '경정비 여부': 'N', '편의점 여부': 'N', '24시 영업 여부': 'Y'}"
S-OIL,신방주유소,서울 성북구 안암로 111 (안암동5가),성북구,"{'보통휘발유': '1,645원', '경유': '1,525원'}","{'세차장 여부': 'N', '충전소 여부': 'N', '경정비 여부': 'N', '편의점 여부': 'N', '24시 영업 여부': 'N'}"
SK에너지,중앙에너비스 종암지점,서울 성북구 종암로 58,성북구,"{'보통휘발유': '1,655원', '경유': '1,525원'}","{'세차장 여부': 'Y', '충전소 여부': 'N', '경정비 여부': 'N', '편의점 여부': 'N', '24시 영업 여부': 'Y'}"
S-OIL,장위주유소,서울 성북구 화랑로 110 (하월곡동),성북구,"{'보통휘발유': '1,674원', '경유': '1,544원'}","{'세차장 여부': 'Y', '충전소 여부': 'N', '경정비 여부': 'N', '편의점 여부': 'N', '24시 영업 여부': 'Y'}"
HD현대오일뱅크,장삼 쌍둥이 주유소,서울 성북구 한천로 612 (장위동),성북구,"{'보통휘발유': '1,675원', '경유': '1,535원'}","{'세차장 여부': 'Y', '충전소 여부': 'N', '경정비 여부': 'N', '편의점 여부': 'N', '24시 영업 여부': 'N'}"
SK에너지,우리주유소,서울 성북구 화랑로 292,성북구,"{'보통휘발유': '1,684원', '경유': '1,555원'}","{'세차장 여부': 'Y', '충전소 여부': 'N', '경정비 여부': 'Y', '편의점 여부': 'N', '24시 영업 여부': 'Y'}"
GS칼텍스,지에스칼텍스㈜ 화랑주유소,서울 성북구 화랑로 185,성북구,"{'보통휘발유': '1,739원', '경유': '1,619원', '실내등유': '1,526원'}","{'세차장 여부': 'N', '충전소 여부': 'N', '경정비 여부': 'N', '편의점 여부': 'N', '24시 영업 여부': 'N'}"
HD현대오일뱅크,아이에스피시그넷㈜ 서울북부고속주유소,서울 성북구 삼양로 78,성북구,"{'보통휘발유': '1,899원', '경유': '1,699원'}","{'세차장 여부': 'N', '충전소 여부': 'N', '경정비 여부': 'N', '편의점 여부': 'N', '24시 영업 여부': 'N'}"
GS칼텍스,송파스마일주유소,서울 송파구 송이로 28,송파구,"{'고급휘발유': '1,893원', '보통휘발유': '1,693원', '경유': '1,573원'}","{'세차장 여부': 'N', '충전소 여부': 'N', '경정비 여부': 'Y', '편의점 여부': 'N', '24시 영업 여부': 'N'}"
SK에너지,한강에너지(주)퍼스트주유소,서울 송파구 삼학사로 22 (석촌동),송파구,"{'고급휘발유': '1,893원', '보통휘발유': '1,693원', '경유': '1,573원'}","{'세차장 여부': 'Y', '충전소 여부': 'N', '경정비 여부': 'Y', '편의점 여부': 'N', '24시 영업 여부': 'Y'}"
HD현대오일뱅크,(주)정직한주유소,서울 송파구 오금로 455 (거여동),송파구,"{'고급휘발유': '1,895원', '보통휘발유': '1,725원', '경유': '1,625원'}","{'세차장 여부': 'Y', '충전소 여부': 'N', '경정비 여부': 'N', '편의점 여부': 'N', '24시 영업 여부': 'N'}"
HD현대오일뱅크,HD현대오일뱅크㈜직영 잠실셀프주유소,서울 송파구 송파대로 397,송파구,"{'고급휘발유': '1,898원', '보통휘발유': '1,713원', '경유': '1,583원', '실내등유': '1,560원'}","{'세차장 여부': 'N', '충전소 여부': 'N', '경정비 여부': 'N', '편의점 여부': 'N', '24시 영업 여부': 'Y'}"
GS칼텍스,(주)삼표에너지 아시아주유소,서울 송파구 도곡로 438 (잠실동),송파구,"{'고급휘발유': '1,903원', '보통휘발유': '1,703원', '경유': '1,583원'}","{'세차장 여부': 'Y', '충전소 여부': 'N', '경정비 여부': 'N', '편의점 여부': 'N', '24시 영업 여부': 'N'}"
GS칼텍스,삼화주유소,서울 송파구 백제고분로 125,송파구,"{'고급휘발유': '1,903원', '보통휘발유': '1,703원', '경유': '1,583원'}","{'세차장 여부': 'N', '충전소 여부': 'N', '경정비 여부': 'N', '편의점 여부': 'N', '24시 영업 여부': 'Y'}"
SK에너지,백제고분로주유소,서울 송파구 오금로 143 (방이동),송파구,"{'고급휘발유': '1,913원', '보통휘발유': '1,787원', '경유': '1,674원'}","{'세차장 여부': 'Y', '충전소 여부': 'N', '경정비 여부': 'Y', '편의점 여부': 'Y', '24시 영업 여부': 'Y'}"
S-OIL,(주)잠실에너지,서울 송파구 송파대로 442 (송파동),송파구,"{'고급휘발유': '1,913원', '보통휘발유': '1,723원', '경유': '1,623원'}","{'세차장 여부': 'Y', '충전소 여부': 'N', '경정비 여부': 'Y', '편의점 여부': 'N', '24시 영업 여부': 'Y'}"
GS칼텍스,(주)삼표에너지 우리주유소,서울 송파구 동남로 153,송파구,"{'고급휘발유': '1,922원', '보통휘발유': '1,742원', '경유': '1,638원', '실내등유': '1,500원'}","{'세차장 여부': 'Y', '충전소 여부': 'N', '경정비 여부': 'N', '편의점 여부': 'N', '24시 영업 여부': 'N'}"
GS칼텍스,지에스칼텍스(주)가든파이브주유소,서울 송파구 탄천동로 740,송파구,"{'고급휘발유': '1,923원', '보통휘발유': '1,723원', '경유': '1,593원'}","{'세차장 여부': 'Y', '충전소 여부': 'N', '경정비 여부': 'N', '편의점 여부': 'N', '24시 영업 여부': 'Y'}"
GS칼텍스,지에스칼텍스(주)스마트위례주유소,서울 송파구 위례중앙로 43 (장지동),송파구,"{'고급휘발유': '1,923원', '보통휘발유': '1,723원', '경유': '1,593원'}","{'세차장 여부': 'Y', '충전소 여부': 'N', '경정비 여부': 'N', '편의점 여부': 'N', '24시 영업 여부': 'N'}"
GS칼텍스,(주)삼표에너지 훼미리주유소,서울 송파구 중대로 58,송파구,"{'고급휘발유': '1,923원', '보통휘발유': '1,723원', '경유': '1,613원', '실내등유': '1,500원'}","{'세차장 여부': 'Y', '충전소 여부': 'N', '경정비 여부': 'N', '편의점 여부': 'N', '24시 영업 여부': 'N'}"
HD현대오일뱅크,HD현대오일뱅크㈜직영 올림픽셀프주유소,서울 송파구 위례성대로 188 (오금동),송파구,"{'고급휘발유': '1,929원', '보통휘발유': '1,789원', '경유': '1,679원'}","{'세차장 여부': 'Y', '충전소 여부': 'N', '경정비 여부': 'Y', '편의점 여부': 'N', '24시 영업 여부': 'Y'}"
S-OIL,위례드림주유소,서울시 송파구 위례중앙로 10,송파구,"{'고급휘발유': '1,933원', '보통휘발유': '1,723원', '경유': '1,593원'}","{'세차장 여부': 'Y', '충전소 여부': 'N', '경정비 여부': 'N', '편의점 여부': 'N', '24시 영업 여부': 'Y'}"
GS칼텍스,대성석유(주)석촌주유소,서울 송파구 백제고분로 289,송파구,"{'고급휘발유': '1,958원', '보통휘발유': '1,757원', '경유': '1,657원', '실내등유': '1,550원'}","{'세차장 여부': 'N', '충전소 여부': 'N', '경정비 여부': 'Y', '편의점 여부': 'N', '24시 영업 여부': 'N'}"
SK에너지,완불주유소,서울 송파구 송파대로 3,송파구,"{'고급휘발유': '1,982원', '보통휘발유': '1,741원', '경유': '1,641원'}","{'세차장 여부': 'Y', '충전소 여부': 'N', '경정비 여부': 'N', '편의점 여부': 'N', '24시 영업 여부': 'Y'}"
SK에너지,대신석유(주)진양주유소,서울 송파구 올림픽로 499 (풍납동),송파구,"{'고급휘발유': '2,068원', '보통휘발유': '1,968원', '경유': '1,868원'}","{'세차장 여부': 'Y', '충전소 여부': 'N', '경정비 여부': 'N', '편의점 여부': 'N', '24시 영업 여부': 'N'}"
HD현대오일뱅크,㈜지에스이앤알 송파제일주유소,서울 송파구 삼학사로 50 (석촌동),송파구,"{'보통휘발유': '1,693원', '경유': '1,573원'}","{'세차장 여부': 'Y', '충전소 여부': 'N', '경정비 여부': 'Y', '편의점 여부': 'N', '24시 영업 여부': 'Y'}"
SK에너지,(주)신화에너지 서울지점,서울 송파구 가락로 47 (석촌동),송파구,"{'보통휘발유': '1,713원', '경유': '1,593원'}","{'세차장 여부': 'Y', '충전소 여부': 'N', '경정비 여부': 'Y', '편의점 여부': 'N', '24시 영업 여부': 'Y'}"
S-OIL,상아주유소,서울 송파구 거마로 82,송파구,"{'보통휘발유': '1,715원', '경유': '1,588원', '실내등유': '1,450원'}","{'세차장 여부': 'Y', '충전소 여부': 'N', '경정비 여부': 'N', '편의점 여부': 'N', '24시 영업 여부': 'N'}"
S-OIL,위례제일주유소 (주)버드에너지,서울 송파구 위례서로 260,송파구,"{'보통휘발유': '1,723원', '경유': '1,593원'}","{'세차장 여부': 'Y', '충전소 여부': 'N', '경정비 여부': 'N', '편의점 여부': 'N', '24시 영업 여부': 'N'}"
SK에너지,남성대주유소,서울 송파구 송파대로 52 (장지동),송파구,"{'보통휘발유': '1,723원', '경유': '1,593원', '실내등유': '1,600원'}","{'세차장 여부': 'Y', '충전소 여부': 'N', '경정비 여부': 'Y', '편의점 여부': 'N', '24시 영업 여부': 'Y'}"
S-OIL,(주)퍼스트오일서울주유소,서울 송파구 문정로 153,송파구,"{'보통휘발유': '1,730원', '경유': '1,630원', '실내등유': '1,550원'}","{'세차장 여부': 'N', '충전소 여부': 'N', '경정비 여부': 'N', '편의점 여부': 'N', '24시 영업 여부': 'N'}"
HD현대오일뱅크,제트라인DM주유소,서울 송파구 중대로 183 (가락동),송파구,"{'보통휘발유': '1,734원', '경유': '1,630원'}","{'세차장 여부': 'N', '충전소 여부': 'N', '경정비 여부': 'Y', '편의점 여부': 'N', '24시 영업 여부': 'N'}"
SK에너지,대성주유소,서울 송파구 마천로 230,송파구,"{'보통휘발유': '1,738원', '경유': '1,628원', '실내등유': '1,450원'}","{'세차장 여부': 'Y', '충전소 여부': 'N', '경정비 여부': 'N', '편의점 여부': 'N', '24시 영업 여부': 'N'}"
SK에너지,(주)유진주유소,서울 송파구 동남로 325 (오금동),송파구,"{'보통휘발유': '1,742원', '경유': '1,644원'}","{'세차장 여부': 'Y', '충전소 여부': 'N', '경정비 여부': 'N', '편의점 여부': 'N', '24시 영업 여부': 'N'}"
SK에너지,방이주유소,서울 송파구 위례성대로12길 38 (방이동),송파구,"{'보통휘발유': '1,787원', '경유': '1,674원'}","{'세차장 여부': 'Y', '충전소 여부': 'N', '경정비 여부': 'Y', '편의점 여부': 'N', '24시 영업 여부': 'N'}"
HD현대오일뱅크,(유)호림플러스홀딩스 남성주유소,서울 송파구 백제고분로 474,송파구,"{'보통휘발유': '1,793원', '경유': '1,683원'}","{'세차장 여부': 'Y', '충전소 여부': 'N', '경정비 여부': 'N', '편의점 여부': 'N', '24시 영업 여부': 'N'}"
SK에너지,SK에너지㈜ 신평,서울 양천구 목동남로 62,양천구,"{'고급휘발유': '1,889원', '보통휘발유': '1,710원', '경유': '1,583원', '실내등유': '1,390원'}","{'세차장 여부': 'Y', '충전소 여부': 'N', '경정비 여부': 'Y', '편의점 여부': 'N', '24시 영업 여부': 'N'}"
GS칼텍스,(주)삼표에너지 목동주유소,서울 양천구 목동서로 129 (목동),양천구,"{'고급휘발유': '1,903원', '보통휘발유': '1,704원', '경유': '1,597원'}","{'세차장 여부': 'Y', '충전소 여부': 'N', '경정비 여부': 'N', '편의점 여부': 'N', '24시 영업 여부': 'N'}"
HD현대오일뱅크,현대오일뱅크(주)직영 양천현대셀프주유소,서울 양천구 안양천로 1179 (목동),양천구,"{'고급휘발유': '1,904원', '보통휘발유': '1,724원', '경유': '1,619원'}","{'세차장 여부': 'Y', '충전소 여부': 'Y', '경정비 여부': 'Y', '편의점 여부': 'N', '24시 영업 여부': 'Y'}"
GS칼텍스,지에스칼텍스㈜ 건지주유소,서울 양천구 안양천로 1171 (목동),양천구,"{'고급휘발유': '1,904원', '보통휘발유': '1,704원', '경유': '1,597원', '실내등유': '1,588원'}","{'세차장 여부': 'Y', '충전소 여부': 'Y', '경정비 여부': 'N', '편의점 여부': 'N', '24시 영업 여부': 'N'}"
HD현대오일뱅크,현대오일뱅크(주)직영 양천셀프주유소,서울 양천구 목동로 17,양천구,"{'고급휘발유': '1,949원', '보통휘발유': '1,739원', '경유': '1,599원'}","{'세차장 여부': 'Y', '충전소 여부': 'N', '경정비 여부': 'N', '편의점 여부': 'N', '24시 영업 여부': 'N'}"
HD현대오일뱅크,HD현대오일뱅크㈜직영 남부순환셀프주유소,서울 양천구 남부순환로 553 (신월동),양천구,"{'고급휘발유': '1,965원', '보통휘발유': '1,654원', '경유': '1,600원'}","{'세차장 여부': 'Y', '충전소 여부': 'N', '경정비 여부': 'N', '편의점 여부': 'Y', '24시 영업 여부': 'Y'}"
GS칼텍스,플라트(주)서호주유소,서울 양천구 남부순환로 317,양천구,"{'고급휘발유': '1,965원', '보통휘발유': '1,638원', '경유': '1,513원'}","{'세차장 여부': 'Y', '충전소 여부': 'N', '경정비 여부': 'Y', '편의점 여부': 'N', '24시 영업 여부': 'N'}"
HD현대오일뱅크,형산석유(주)원주유소,서울 양천구 남부순환로 408,양천구,"{'고급휘발유': '1,975원', '보통휘발유': '1,689원', '경유': '1,559원'}","{'세차장 여부': 'Y', '충전소 여부': 'N', '경정비 여부': 'Y', '편의점 여부': 'N', '24시 영업 여부': 'N'}"
HD현대오일뱅크,현대오일뱅크(주)직영 신목동셀프주유소,서울 양천구 목동동로10길 13,양천구,"{'고급휘발유': '2,058원', '보통휘발유': '1,859원', '경유': '1,744원'}","{'세차장 여부': 'Y', '충전소 여부': 'N', '경정비 여부': 'Y', '편의점 여부': 'N', '24시 영업 여부': 'N'}"
S-OIL,현대주유소,서울 양천구 남부순환로 372 (신월동),양천구,"{'보통휘발유': '1,638원', '경유': '1,513원'}","{'세차장 여부': 'Y', '충전소 여부': 'N', '경정비 여부': 'N', '편의점 여부': 'N', '24시 영업 여부': 'N'}"
GS칼텍스,신월주유소,서울 양천구 신월로 193 (신월동),양천구,"{'보통휘발유': '1,644원', '경유': '1,514원', '실내등유': '1,400원'}","{'세차장 여부': 'N', '충전소 여부': 'N', '경정비 여부': 'N', '편의점 여부': 'N', '24시 영업 여부': 'N'}"
SK에너지,개나리Self주유소,서울 양천구 남부순환로 442 (신월동),양천구,"{'보통휘발유': '1,648원', '경유': '1,523원'}","{'세차장 여부': 'Y', '충전소 여부': 'N', '경정비 여부': 'Y', '편의점 여부': 'N', '24시 영업 여부': 'N'}"
SK에너지,(주)타이거오일 신정주유소,서울 양천구 중앙로 226 (신정동),양천구,"{'보통휘발유': '1,654원', '경유': '1,539원'}","{'세차장 여부': 'N', '충전소 여부': 'N', '경정비 여부': 'N', '편의점 여부': 'N', '24시 영업 여부': 'N'}"
GS칼텍스,㈜지에스이앤알 서울주유소,서울 양천구 신정로 236 (신정동),양천구,"{'보통휘발유': '1,654원', '경유': '1,514원'}","{'세차장 여부': 'Y', '충전소 여부': 'N', '경정비 여부': 'N', '편의점 여부': 'N', '24시 영업 여부': 'N'}"
HD현대오일뱅크,양천구주유소,서울 양천구 국회대로 275,양천구,"{'보통휘발유': '1,662원', '경유': '1,557원'}","{'세차장 여부': 'Y', '충전소 여부': 'N', '경정비 여부': 'Y', '편의점 여부': 'N', '24시 영업 여부': 'Y'}"
SK에너지,가로공원주유소,서울 양천구 가로공원로 165 (신월동),양천구,"{'보통휘발유': '1,662원', '경유': '1,535원'}","{'세차장 여부': 'Y', '충전소 여부': 'N', '경정비 여부': 'N', '편의점 여부': 'N', '24시 영업 여부': 'Y'}"
SK에너지,삼미상사(주)신월IC셀프주유소,서울 양천구 중앙로 331 (신월동),양천구,"{'보통휘발유': '1,684원', '경유': '1,549원'}","{'세차장 여부': 'N', '충전소 여부': 'N', '경정비 여부': 'Y', '편의점 여부': 'N', '24시 영업 여부': 'N'}"
SK에너지,SK에너지(주) 경인주유소,서울 양천구 국회대로 170 (신정동),양천구,"{'보통휘발유': '1,696원', '경유': '1,570원', '실내등유': '1,550원'}","{'세차장 여부': 'Y', '충전소 여부': 'N', '경정비 여부': 'N', '편의점 여부': 'N', '24시 영업 여부': 'N'}"
HD현대오일뱅크,신정동주유소,서울 양천구 안양천로 663 (신정동),양천구,"{'보통휘발유': '1,699원', '경유': '1,579원'}","{'세차장 여부': 'Y', '충전소 여부': 'N', '경정비 여부': 'N', '편의점 여부': 'Y', '24시 영업 여부': 'N'}"
HD현대오일뱅크,현대오일뱅크㈜직영 목동셀프주유소,서울 양천구 공항대로 648 (목동),양천구,"{'보통휘발유': '1,724원', '경유': '1,614원'}","{'세차장 여부': 'N', '충전소 여부': 'N', '경정비 여부': 'N', '편의점 여부': 'N', '24시 영업 여부': 'N'}"
SK에너지,목동주유소,서울 양천구 목동중앙로 125 (목동),양천구,"{'보통휘발유': '1,724원', '경유': '1,619원'}","{'세차장 여부': 'Y', '충전소 여부': 'N', '경정비 여부': 'N', '편의점 여부': 'N', '24시 영업 여부': 'N'}"
HD현대오일뱅크,현대오일뱅크(주)직영 양정주유소,서울 양천구 국회대로 158 (신정동),양천구,"{'보통휘발유': '1,747원', '경유': '1,567원'}","{'세차장 여부': 'N', '충전소 여부': 'N', '경정비 여부': 'N', '편의점 여부': 'N', '24시 영업 여부': 'N'}"
HD현대오일뱅크,(주)서부트럭터미날,서울 양천구 신정로 167 (신정동),양천구,"{'보통휘발유': '1,749원', '경유': '1,619원', '실내등유': '1,370원'}","{'세차장 여부': 'Y', '충전소 여부': 'N', '경정비 여부': 'N', '편의점 여부': 'N', '24시 영업 여부': 'N'}"
SK에너지,신양주유소,서울 양천구 지양로 67,양천구,"{'보통휘발유': '1,844원', '경유': '1,689원', '실내등유': '1,690원'}","{'세차장 여부': 'Y', '충전소 여부': 'N', '경정비 여부': 'N', '편의점 여부': 'N', '24시 영업 여부': 'N'}"
SK에너지,남서울고속주유소,서울 영등포구 가마산로 367 (대림동),영등포구,"{'고급휘발유': '1,809원', '보통휘발유': '1,648원', '경유': '1,518원'}","{'세차장 여부': 'Y', '충전소 여부': 'N', '경정비 여부': 'N', '편의점 여부': 'N', '24시 영업 여부': 'N'}"
HD현대오일뱅크,(주)강서오일,서울 영등포구 도신로 151,영등포구,"{'고급휘발유': '1,818원', '보통휘발유': '1,648원', '경유': '1,518원', '실내등유': '1,318원'}","{'세차장 여부': 'N', '충전소 여부': 'N', '경정비 여부': 'N', '편의점 여부': 'N', '24시 영업 여부': 'Y'}"
GS칼텍스,지에스칼텍스㈜ 신길주유소,서울 영등포구 신길로 74 (신길동),영등포구,"{'고급휘발유': '1,868원', '보통휘발유': '1,668원', '경유': '1,538원', '실내등유': '1,450원'}","{'세차장 여부': 'Y', '충전소 여부': 'N', '경정비 여부': 'N', '편의점 여부': 'N', '24시 영업 여부': 'Y'}"
SK에너지,한경석유(주)경덕주유소,서울 영등포구 여의대방로23길 2 (신길동),영등포구,"{'고급휘발유': '1,868원', '보통휘발유': '1,658원', '경유': '1,518원'}","{'세차장 여부': 'Y', '충전소 여부': 'N', '경정비 여부': 'N', '편의점 여부': 'N', '24시 영업 여부': 'N'}"
GS칼텍스,㈜지에스이앤알 보라주유소,서울 영등포구 영등포로 399 (신길동),영등포구,"{'고급휘발유': '1,869원', '보통휘발유': '1,669원', '경유': '1,528원'}","{'세차장 여부': 'Y', '충전소 여부': 'N', '경정비 여부': 'N', '편의점 여부': 'N', '24시 영업 여부': 'N'}"
HD현대오일뱅크,HD현대오일뱅크㈜직영 대일셀프주유소,서울 영등포구 영등포로 168,영등포구,"{'고급휘발유': '1,889원', '보통휘발유': '1,698원', '경유': '1,574원', '실내등유': '1,400원'}","{'세차장 여부': 'N', '충전소 여부': 'N', '경정비 여부': 'N', '편의점 여부': 'N', '24시 영업 여부': 'N'}"
GS칼텍스,지에스칼텍스㈜ 화일주유소,서울 영등포구 도림로 415,영등포구,"{'고급휘발유': '1,894원', '보통휘발유': '1,694원', '경유': '1,569원', '실내등유': '1,520원'}","{'세차장 여부': 'N', '충전소 여부': 'N', '경정비 여부': 'N', '편의점 여부': 'N', '24시 영업 여부': 'N'}"
SK에너지,SK에너지(주) 기린주유소,서울 영등포구 선유로 270,영등포구,"{'고급휘발유': '1,899원', '보통휘발유': '1,758원', '경유': '1,649원'}","{'세차장 여부': 'Y', '충전소 여부': 'N', '경정비 여부': 'N', '편의점 여부': 'Y', '24시 영업 여부': 'Y'}"
SK에너지,SK에너지(주) 신길동주유소,서울 영등포구 영등포로 348 (신길동),영등포구,"{'고급휘발유': '1,899원', '보통휘발유': '1,714원', '경유': '1,575원', '실내등유': '1,450원'}","{'세차장 여부': 'Y', '충전소 여부': 'N', '경정비 여부': 'N', '편의점 여부': 'N', '24시 영업 여부': 'N'}"
S-OIL,씨앤에스유통 한성주유소,서울 영등포구 여의대방로 227,영등포구,"{'고급휘발유': '1,935원', '보통휘발유': '1,695원', '경유': '1,575원'}","{'세차장 여부': 'N', '충전소 여부': 'N', '경정비 여부': 'N', '편의점 여부': 'N', '24시 영업 여부': 'N'}"
S-OIL,씨앤에스유통(주) 한일주유소,서울 영등포구 도림로 486 (문래동3가),영등포구,"{'고급휘발유': '1,938원', '보통휘발유': '1,694원', '경유': '1,554원'}","{'세차장 여부': 'Y', '충전소 여부': 'N', '경정비 여부': 'N', '편의점 여부': 'N', '24시 영업 여부': 'N'}"
HD현대오일뱅크,국회대로주유소,서울 영등포구 국회대로 746 (여의도동),영등포구,"{'고급휘발유': '2,198원', '보통휘발유': '1,799원', '경유': '1,689원'}","{'세차장 여부': 'Y', '충전소 여부': 'N', '경정비 여부': 'N', '편의점 여부': 'N', '24시 영업 여부': 'N'}"
GS칼텍스,성원이앤에스(주)영등포지점,서울 영등포구 국회대로52길 9-13 (영등포동7가),영등포구,"{'고급휘발유': '2,275원', '보통휘발유': '2,095원', '경유': '1,998원', '실내등유': '1,700원'}","{'세차장 여부': 'N', '충전소 여부': 'N', '경정비 여부': 'N', '편의점 여부': 'N', '24시 영업 여부': 'N'}"
SK에너지,버드나룻길주유소,서울 영등포구 버드나루로 111 (당산동),영등포구,"{'고급휘발유': '2,295원', '보통휘발유': '2,185원', '경유': '2,045원', '실내등유': '1,640원'}","{'세차장 여부': 'Y', '충전소 여부': 'N', '경정비 여부': 'N', '편의점 여부': 'N', '24시 영업 여부': 'N'}"
SK에너지,KH에너지㈜직영 KH여의도주유소,서울 영등포구 국회대로 794 (여의도동),영등포구,"{'고급휘발유': '2,310원', '보통휘발유': '2,195원', '경유': '2,189원'}","{'세차장 여부': 'Y', '충전소 여부': 'N', '경정비 여부': 'N', '편의점 여부': 'N', '24시 영업 여부': 'N'}"
GS칼텍스,SJ오일(주) 여의도주유소,서울 영등포구 은행로 64,영등포구,"{'고급휘발유': '2,410원', '보통휘발유': '2,255원', '경유': '2,195원', '실내등유': '1,750원'}","{'세차장 여부': 'Y', '충전소 여부': 'Y', '경정비 여부': 'N', '편의점 여부': 'Y', '24시 영업 여부': 'Y'}"
HD현대오일뱅크,영등포제일셀프주유소,서울 영등포구 가마산로 379,영등포구,"{'보통휘발유': '1,648원', '경유': '1,518원'}","{'세차장 여부': 'Y', '충전소 여부': 'N', '경정비 여부': 'Y', '편의점 여부': 'N', '24시 영업 여부': 'N'}"
GS칼텍스,(주)대청에너지 대청주유소,서울 영등포구 가마산로 328 (대림동),영등포구,"{'보통휘발유': '1,648원', '경유': '1,518원'}","{'세차장 여부': 'Y', '충전소 여부': 'N', '경정비 여부': 'Y', '편의점 여부': 'N', '24시 영업 여부': 'Y'}"
HD현대오일뱅크,(주)MS오일,서울 영등포구 대림로 230,영등포구,"{'보통휘발유': '1,648원', '경유': '1,518원'}","{'세차장 여부': 'Y', '충전소 여부': 'N', '경정비 여부': 'N', '편의점 여부': 'N', '24시 영업 여부': 'N'}"
SK에너지,행촌주유소,서울 영등포구 도신로 130 (신길동),영등포구,"{'보통휘발유': '1,648원', '경유': '1,518원'}","{'세차장 여부': 'Y', '충전소 여부': 'N', '경정비 여부': 'N', '편의점 여부': 'Y', '24시 영업 여부': 'Y'}"
S-OIL,성락주유소,서울 영등포구 가마산로 414 (신길동),영등포구,"{'보통휘발유': '1,648원', '경유': '1,518원'}","{'세차장 여부': 'Y', '충전소 여부': 'N', '경정비 여부': 'N', '편의점 여부': 'N', '24시 영업 여부': 'N'}"
알뜰주유소,도림주유소,서울 영등포구 도림로 343 (도림동),영등포구,"{'보통휘발유': '1,648원', '경유': '1,518원'}","{'세차장 여부': 'N', '충전소 여부': 'N', '경정비 여부': 'Y', '편의점 여부': 'N', '24시 영업 여부': 'N'}"
GS칼텍스,㈜지에스이앤알 모드니주유소,서울 영등포구 경인로 789,영등포구,"{'보통휘발유': '1,669원', '경유': '1,528원'}","{'세차장 여부': 'Y', '충전소 여부': 'N', '경정비 여부': 'N', '편의점 여부': 'N', '24시 영업 여부': 'N'}"
SK에너지,SK에너지(주) 양평주유소,서울 영등포구 선유로 195 (양평동3가),영등포구,"{'보통휘발유': '1,724원', '경유': '1,616원'}","{'세차장 여부': 'Y', '충전소 여부': 'N', '경정비 여부': 'N', '편의점 여부': 'N', '24시 영업 여부': 'Y'}"
GS칼텍스,(주)한미석유 제2한강주유소,서울 영등포구 선유로 260 (양평동4가),영등포구,"{'보통휘발유': '1,724원', '경유': '1,645원'}","{'세차장 여부': 'Y', '충전소 여부': 'N', '경정비 여부': 'N', '편의점 여부': 'N', '24시 영업 여부': 'N'}"
S-OIL,선유도주유소,서울 영등포구 양평로 141 (양평동5가),영등포구,"{'보통휘발유': '1,768원', '경유': '1,655원'}","{'세차장 여부': 'Y', '충전소 여부': 'N', '경정비 여부': 'N', '편의점 여부': 'N', '24시 영업 여부': 'N'}"
GS칼텍스,(주)영원 풍기주유소,서울 용산구 원효로 178 (원효로2가),용산구,"{'고급휘발유': '2,298원', '보통휘발유': '2,099원', '경유': '1,988원', '실내등유': '1,750원'}","{'세차장 여부': 'N', '충전소 여부': 'N', '경정비 여부': 'N', '편의점 여부': 'Y', '24시 영업 여부': 'N'}"
HD현대오일뱅크,HD현대오일뱅크(주)직영 소월길주유소,서울 용산구 소월로 66 (후암동),용산구,"{'고급휘발유': '2,332원', '보통휘발유': '2,291원', '경유': '2,029원'}","{'세차장 여부': 'Y', '충전소 여부': 'N', '경정비 여부': 'N', '편의점 여부': 'N', '24시 영업 여부': 'N'}"
HD현대오일뱅크,HD현대오일뱅크㈜직영 강변현대주유소,서울 용산구 원효로 9 (청암동),용산구,"{'고급휘발유': '2,369원', '보통휘발유': '2,099원', '경유': '1,989원'}","{'세차장 여부': 'Y', '충전소 여부': 'N', '경정비 여부': 'Y', '편의점 여부': 'N', '24시 영업 여부': 'N'}"
HD현대오일뱅크,HD현대오일뱅크㈜직영 한남동주유소,서울 용산구 한남대로 204 (한남동),용산구,"{'고급휘발유': '2,389원', '보통휘발유': '1,961원', '경유': '1,868원'}","{'세차장 여부': 'Y', '충전소 여부': 'N', '경정비 여부': 'Y', '편의점 여부': 'N', '24시 영업 여부': 'N'}"
HD현대오일뱅크,HD현대오일뱅크㈜직영 갈월동주유소,서울특별시 용산구 한강대로 322 (남영동),용산구,"{'고급휘발유': '2,389원', '보통휘발유': '2,281원', '경유': '2,039원', '실내등유': '1,579원'}","{'세차장 여부': 'Y', '충전소 여부': 'N', '경정비 여부': 'Y', '편의점 여부': 'N', '24시 영업 여부': 'N'}"
SK에너지,동자동주유소,서울 용산구 한강대로104길 6 (동자동),용산구,"{'고급휘발유': '2,390원', '보통휘발유': '2,281원', '경유': '2,038원', '실내등유': '1,650원'}","{'세차장 여부': 'Y', '충전소 여부': 'N', '경정비 여부': 'N', '편의점 여부': 'N', '24시 영업 여부': 'N'}"
SK에너지,(주)신태성주유소,서울 용산구 원효로 147 (원효로3가),용산구,"{'고급휘발유': '2,393원', '보통휘발유': '2,189원', '경유': '2,057원', '실내등유': '1,593원'}","{'세차장 여부': 'Y', '충전소 여부': 'N', '경정비 여부': 'N', '편의점 여부': 'N', '24시 영업 여부': 'N'}"
SK에너지,(주)남경주유소,서울 용산구 녹사평대로11길 24,용산구,"{'고급휘발유': '2,405원', '보통휘발유': '2,186원', '경유': '2,089원', '실내등유': '1,657원'}","{'세차장 여부': 'Y', '충전소 여부': 'N', '경정비 여부': 'Y', '편의점 여부': 'N', '24시 영업 여부': 'Y'}"
SK에너지,에너비스,서울 용산구 한남대로 82 (한남동),용산구,"{'고급휘발유': '2,497원', '보통휘발유': '2,297원', '경유': '2,197원'}","{'세차장 여부': 'Y', '충전소 여부': 'N', '경정비 여부': 'N', '편의점 여부': 'N', '24시 영업 여부': 'N'}"
SK에너지,한남지점,서울 용산구 한남대로21길 4 (한남동),용산구,"{'고급휘발유': '2,497원', '보통휘발유': '2,297원', '경유': '2,197원'}","{'세차장 여부': 'N', '충전소 여부': 'N', '경정비 여부': 'N', '편의점 여부': 'N', '24시 영업 여부': 'N'}"
SK에너지,한석주유소,서울 용산구 이촌로 164,용산구,"{'고급휘발유': '2,502원', '보통휘발유': '2,310원', '경유': '2,192원'}","{'세차장 여부': 'Y', '충전소 여부': 'N', '경정비 여부': 'N', '편의점 여부': 'N', '24시 영업 여부': 'Y'}"
GS칼텍스,서계주유소,서울 용산구 청파로 367 (청파동),용산구,"{'고급휘발유': '3,301원', '보통휘발유': '2,971원', '경유': '2,940원', '실내등유': '2,470원'}","{'세차장 여부': 'Y', '충전소 여부': 'N', '경정비 여부': 'N', '편의점 여부': 'N', '24시 영업 여부': 'N'}"
HD현대오일뱅크,(주)아이에스피에너지(서울서부고속주유소),서울 은평구 응암로 163,은평구,"{'고급휘발유': '1,839원', '보통휘발유': '1,664원', '경유': '1,554원'}","{'세차장 여부': 'N', '충전소 여부': 'N', '경정비 여부': 'N', '편의점 여부': 'N', '24시 영업 여부': 'N'}"
HD현대오일뱅크,(주)디오티디 은평유니콘주유소,서울 은평구 통일로 1151 (진관동),은평구,"{'고급휘발유': '1,844원', '보통휘발유': '1,644원', '경유': '1,504원', '실내등유': '1,449원'}","{'세차장 여부': 'Y', '충전소 여부': 'N', '경정비 여부': 'N', '편의점 여부': 'N', '24시 영업 여부': 'N'}"
HD현대오일뱅크,불광주유소,서울 은평구 연서로 314,은평구,"{'고급휘발유': '1,898원', '보통휘발유': '1,654원', '경유': '1,514원'}","{'세차장 여부': 'Y', '충전소 여부': 'N', '경정비 여부': 'N', '편의점 여부': 'N', '24시 영업 여부': 'N'}"
GS칼텍스,지에스칼텍스(주)수색뉴타운주유소,서울 은평구 수색로 350 (수색동),은평구,"{'고급휘발유': '1,904원', '보통휘발유': '1,654원', '경유': '1,544원'}","{'세차장 여부': 'Y', '충전소 여부': 'N', '경정비 여부': 'N', '편의점 여부': 'N', '24시 영업 여부': 'N'}"
GS칼텍스,지에스칼텍스㈜ 신사제일주유소,서울 은평구 증산로 423 (신사동),은평구,"{'고급휘발유': '1,909원', '보통휘발유': '1,659원', '경유': '1,554원', '실내등유': '1,454원'}","{'세차장 여부': 'Y', '충전소 여부': 'N', '경정비 여부': 'N', '편의점 여부': 'N', '24시 영업 여부': 'Y'}"
GS칼텍스,지에스칼텍스㈜ 서부주유소,서울 은평구 응암로 210 (응암동),은평구,"{'고급휘발유': '1,914원', '보통휘발유': '1,659원', '경유': '1,554원', '실내등유': '1,452원'}","{'세차장 여부': 'Y', '충전소 여부': 'N', '경정비 여부': 'Y', '편의점 여부': 'N', '24시 영업 여부': 'N'}"
GS칼텍스,대성산업㈜ 대성주유소,서울 은평구 통일로 642,은평구,"{'고급휘발유': '1,915원', '보통휘발유': '1,685원', '경유': '1,545원'}","{'세차장 여부': 'Y', '충전소 여부': 'N', '경정비 여부': 'N', '편의점 여부': 'N', '24시 영업 여부': 'Y'}"
GS칼텍스,성원이앤에스(주)은평지점,서울 은평구 통일로 968 (진관동),은평구,"{'고급휘발유': '1,925원', '보통휘발유': '1,695원', '경유': '1,565원'}","{'세차장 여부': 'Y', '충전소 여부': 'N', '경정비 여부': 'N', '편의점 여부': 'N', '24시 영업 여부': 'N'}"
SK에너지,박석고개주유소,서울 은평구 통일로 945 (갈현동),은평구,"{'보통휘발유': '1,644원', '경유': '1,504원'}","{'세차장 여부': 'Y', '충전소 여부': 'N', '경정비 여부': 'N', '편의점 여부': 'N', '24시 영업 여부': 'Y'}"
S-OIL,㈜한화미 구파발주유소,서울 은평구 통일로 1031,은평구,"{'보통휘발유': '1,644원', '경유': '1,504원'}","{'세차장 여부': 'N', '충전소 여부': 'N', '경정비 여부': 'N', '편의점 여부': 'N', '24시 영업 여부': 'N'}"
SK에너지,타이거주유소,서울 은평구 수색로 188 (증산동),은평구,"{'보통휘발유': '1,654원', '경유': '1,544원', '실내등유': '1,600원'}","{'세차장 여부': 'Y', '충전소 여부': 'N', '경정비 여부': 'N', '편의점 여부': 'N', '24시 영업 여부': 'N'}"
S-OIL,㈜오일닷컴 다회주유소,서울 은평구 증산로 441,은평구,"{'보통휘발유': '1,659원', '경유': '1,554원'}","{'세차장 여부': 'N', '충전소 여부': 'N', '경정비 여부': 'N', '편의점 여부': 'N', '24시 영업 여부': 'N'}"
HD현대오일뱅크,(주)명연에너지 수색훼미리주유소,서울 은평구 수색로 236 (수색동),은평구,"{'보통휘발유': '1,685원', '경유': '1,585원'}","{'세차장 여부': 'Y', '충전소 여부': 'N', '경정비 여부': 'N', '편의점 여부': 'N', '24시 영업 여부': 'N'}"
SK에너지,㈜삼호에너지 은평뉴타운셀프주유소,서울 은평구 통일로 924 (불광동),은평구,"{'보통휘발유': '1,715원', '경유': '1,585원', '실내등유': '1,495원'}","{'세차장 여부': 'Y', '충전소 여부': 'N', '경정비 여부': 'Y', '편의점 여부': 'N', '24시 영업 여부': 'N'}"
자가상표,코끼리주유소,서울 은평구 서오릉로 41 (녹번동),은평구,"{'보통휘발유': '1,783원', '경유': '1,653원'}","{'세차장 여부': 'Y', '충전소 여부': 'N', '경정비 여부': 'N', '편의점 여부': 'N', '24시 영업 여부': 'N'}"
HD현대오일뱅크,㈜지에스이앤알 평창주유소,서울 종로구 평창문화로 135 (평창동),종로구,"{'고급휘발유': '1,949원', '보통휘발유': '1,719원', '경유': '1,659원'}","{'세차장 여부': 'Y', '충전소 여부': 'N', '경정비 여부': 'N', '편의점 여부': 'N', '24시 영업 여부': 'N'}"
HD현대오일뱅크,HD현대오일뱅크㈜직영 재동주유소,서울 종로구 율곡로 58 (경운동),종로구,"{'고급휘발유': '2,029원', '보통휘발유': '1,674원', '경유': '1,579원'}","{'세차장 여부': 'N', '충전소 여부': 'N', '경정비 여부': 'N', '편의점 여부': 'N', '24시 영업 여부': 'N'}"
SK에너지,(주)중앙에너비스 혜화주유소,서울 종로구 창경궁로35길 1,종로구,"{'고급휘발유': '2,055원', '보통휘발유': '1,675원', '경유': '1,575원'}","{'세차장 여부': 'N', '충전소 여부': 'N', '경정비 여부': 'N', '편의점 여부': 'N', '24시 영업 여부': 'N'}"
SK에너지,자하문주유소,서울 종로구 자하문로 248 (부암동),종로구,"{'고급휘발유': '2,055원', '보통휘발유': '1,845원', '경유': '1,715원'}","{'세차장 여부': 'Y', '충전소 여부': 'N', '경정비 여부': 'N', '편의점 여부': 'N', '24시 영업 여부': 'N'}"
S-OIL,안풍주유소,서울 종로구 자하문로 303,종로구,"{'고급휘발유': '2,059원', '보통휘발유': '1,839원', '경유': '1,719원'}","{'세차장 여부': 'Y', '충전소 여부': 'N', '경정비 여부': 'N', '편의점 여부': 'N', '24시 영업 여부': 'N'}"
S-OIL,구도일주유소특종,서울 종로구 평창문화로 90 (평창동),종로구,"{'고급휘발유': '2,070원', '보통휘발유': '1,850원', '경유': '1,720원', '실내등유': '1,600원'}","{'세차장 여부': 'Y', '충전소 여부': 'N', '경정비 여부': 'N', '편의점 여부': 'N', '24시 영업 여부': 'N'}"
GS칼텍스,㈜북악주유소,서울 종로구 평창문화로 137,종로구,"{'고급휘발유': '2,089원', '보통휘발유': '1,889원', '경유': '1,799원'}","{'세차장 여부': 'Y', '충전소 여부': 'N', '경정비 여부': 'N', '편의점 여부': 'N', '24시 영업 여부': 'N'}"
GS칼텍스,(주)대양씨앤씨 사직주유소,서울 종로구 사직로 65,종로구,"{'고급휘발유': '2,575원', '보통휘발유': '2,375원', '경유': '2,195원', '실내등유': '1,800원'}","{'세차장 여부': 'N', '충전소 여부': 'N', '경정비 여부': 'N', '편의점 여부': 'N', '24시 영업 여부': 'N'}"
S-OIL,다산주유소,서울 중구 다산로 233,중구,"{'고급휘발유': '1,949원', '보통휘발유': '1,739원', '경유': '1,609원', '실내등유': '1,600원'}","{'세차장 여부': 'N', '충전소 여부': 'N', '경정비 여부': 'N', '편의점 여부': 'N', '24시 영업 여부': 'N'}"
SK에너지,약수주유소,서울 중구 다산로 173,중구,"{'고급휘발유': '1,997원', '보통휘발유': '1,797원', '경유': '1,678원'}","{'세차장 여부': 'Y', '충전소 여부': 'N', '경정비 여부': 'Y', '편의점 여부': 'N', '24시 영업 여부': 'Y'}"
SK에너지,SK에너지(주) 퇴계로주유소,서울 중구 퇴계로 228 (필동2가),중구,"{'고급휘발유': '1,999원', '보통휘발유': '1,944원', '경유': '1,884원'}","{'세차장 여부': 'N', '충전소 여부': 'N', '경정비 여부': 'N', '편의점 여부': 'N', '24시 영업 여부': 'N'}"
HD현대오일뱅크,HD현대오일뱅크㈜직영 장원주유소,서울 중구 동호로 203 (신당동),중구,"{'고급휘발유': '2,098원', '보통휘발유': '1,888원', '경유': '1,778원', '실내등유': '1,600원'}","{'세차장 여부': 'N', '충전소 여부': 'N', '경정비 여부': 'N', '편의점 여부': 'N', '24시 영업 여부': 'N'}"
SK에너지,신당동주유소,서울 중구 다산로 242 (신당동),중구,"{'고급휘발유': '2,348원', '보통휘발유': '2,148원', '경유': '1,998원', '실내등유': '1,650원'}","{'세차장 여부': 'Y', '충전소 여부': 'N', '경정비 여부': 'N', '편의점 여부': 'N', '24시 영업 여부': 'Y'}"
SK에너지,장충주유소,서울 중구 장충단로 202 (장충동1가),중구,"{'고급휘발유': '2,438원', '보통휘발유': '2,138원', '경유': '1,998원'}","{'세차장 여부': 'Y', '충전소 여부': 'N', '경정비 여부': 'N', '편의점 여부': 'N', '24시 영업 여부': 'Y'}"
GS칼텍스,필동주유소,서울 중구 퇴계로 196,중구,"{'고급휘발유': '2,789원', '보통휘발유': '2,539원', '경유': '2,409원', '실내등유': '1,809원'}","{'세차장 여부': 'N', '충전소 여부': 'N', '경정비 여부': 'N', '편의점 여부': 'N', '24시 영업 여부': 'Y'}"
SK에너지,서남주유소,서울 중구 통일로 30,중구,"{'고급휘발유': '3,156원', '보통휘발유': '2,756원', '경유': '2,632원', '실내등유': '2,179원'}","{'세차장 여부': 'Y', '충전소 여부': 'N', '경정비 여부': 'N', '편의점 여부': 'N', '24시 영업 여부': 'Y'}"
S-OIL,장충드림주유소,서울 중구 동호로 296,중구,"{'보통휘발유': '1,795원', '경유': '1,665원'}","{'세차장 여부': 'Y', '충전소 여부': 'N', '경정비 여부': 'N', '편의점 여부': 'N', '24시 영업 여부': 'N'}"
S-OIL,(주)태영 구도일주유소 한인,서울 중랑구 망우로 170,중랑구,"{'고급휘발유': '1,877원', '보통휘발유': '1,687원', '경유': '1,567원'}","{'세차장 여부': 'Y', '충전소 여부': 'N', '경정비 여부': 'Y', '편의점 여부': 'N', '24시 영업 여부': 'N'}"
GS칼텍스,대양주유소,서울 중랑구 봉우재로 105 (상봉동),중랑구,"{'고급휘발유': '1,885원', '보통휘발유': '1,653원', '경유': '1,517원', '실내등유': '1,580원'}","{'세차장 여부': 'Y', '충전소 여부': 'N', '경정비 여부': 'N', '편의점 여부': 'N', '24시 영업 여부': 'N'}"
GS칼텍스,대원주유소,서울 중랑구 동일로 600,중랑구,"{'고급휘발유': '1,889원', '보통휘발유': '1,655원', '경유': '1,517원', '실내등유': '1,600원'}","{'세차장 여부': 'Y', '충전소 여부': 'N', '경정비 여부': 'N', '편의점 여부': 'N', '24시 영업 여부': 'N'}"
HD현대오일뱅크,(주)자연에너지 대창주유소,서울 중랑구 동일로 636 (면목동),중랑구,"{'고급휘발유': '1,889원', '보통휘발유': '1,645원', '경유': '1,517원'}","{'세차장 여부': 'N', '충전소 여부': 'N', '경정비 여부': 'N', '편의점 여부': 'N', '24시 영업 여부': 'N'}"
GS칼텍스,우림주유소,서울 중랑구 용마산로 487 (망우제3동),중랑구,"{'보통휘발유': '1,643원', '경유': '1,515원'}","{'세차장 여부': 'Y', '충전소 여부': 'N', '경정비 여부': 'N', '편의점 여부': 'N', '24시 영업 여부': 'N'}"
SK에너지,면목SELF주유소,서울 중랑구 동일로 627 (면목동),중랑구,"{'보통휘발유': '1,655원', '경유': '1,517원'}","{'세차장 여부': 'Y', '충전소 여부': 'N', '경정비 여부': 'Y', '편의점 여부': 'N', '24시 영업 여부': 'N'}"
S-OIL,구도일주유소 동천,서울 중랑구 동일로 654 (면목동),중랑구,"{'보통휘발유': '1,655원', '경유': '1,517원'}","{'세차장 여부': 'Y', '충전소 여부': 'N', '경정비 여부': 'N', '편의점 여부': 'N', '24시 영업 여부': 'N'}"
S-OIL,오천만주유소,서울 중랑구 동일로 547 (면목동),중랑구,"{'보통휘발유': '1,657원', '경유': '1,527원'}","{'세차장 여부': 'Y', '충전소 여부': 'N', '경정비 여부': 'N', '편의점 여부': 'N', '24시 영업 여부': 'N'}"
S-OIL,범아주유소,서울 중랑구 동일로 881,중랑구,"{'보통휘발유': '1,729원', '경유': '1,589원', '실내등유': '1,600원'}","{'세차장 여부': 'Y', '충전소 여부': 'N', '경정비 여부': 'Y', '편의점 여부': 'N', '24시 영업 여부': 'N'}"
SK에너지,신내주유소,서울 중랑구 용마산로 705 (신내동),중랑구,"{'보통휘발유': '1,739원', '경유': '1,598원', '실내등유': '1,500원'}","{'세차장 여부': 'Y', '충전소 여부': 'N', '경정비 여부': 'N', '편의점 여부': 'N', '24시 영업 여부': 'N'}"
SK에너지,용마로주유소,서울 중랑구 용마산로 309 (면목동),중랑구,"{'보통휘발유': '1,758원', '경유': '1,658원', '실내등유': '1,600원'}","{'세차장 여부': 'Y', '충전소 여부': 'N', '경정비 여부': 'N', '편의점 여부': 'N', '24시 영업 여부': 'N'}"
SK에너지,신일셀프주유소,서울 중랑구 상봉로 58 (망우동),중랑구,"{'보통휘발유': '1,798원', '경유': '1,698원', '실내등유': '1,590원'}","{'세차장 여부': 'Y', '충전소 여부': 'N', '경정비 여부': 'Y', '편의점 여부': 'N', '24시 영업 여부': 'Y'}"
